time_s,flow_m3_s,pressure_Pa
0.000000000000000000e+00,-2.588769442907792738e-06,2.696029921344544855e+05
7.651130226045133043e-04,1.187734632674851909e-05,2.696127650335691869e+05
1.530226045209026609e-03,2.716066687381253356e-05,2.696198589915750199e+05
2.295339067813539913e-03,4.273548592016247527e-05,2.696242605085752439e+05
3.060452090418053217e-03,5.807609718767656458e-05,2.696259412913949927e+05
3.825565113022566521e-03,7.265679439823304389e-05,2.696248582535816822e+05
4.590678135627079826e-03,8.595187127371012510e-05,2.696209535154048353e+05
5.355791158231593130e-03,9.743713551819022534e-05,2.696142982441545464e+05
6.120904180836106434e-03,1.068848378683841320e-04,2.696092894992078654e+05
6.886017203441063828e-03,1.147169778013162514e-04,2.696079527983232401e+05
7.651130226045577132e-03,1.214416916807289329e-04,2.696101710886586807e+05
8.416243248650090436e-03,1.275671158703782677e-04,2.696158125240946538e+05
9.181356271254603740e-03,1.336013867340155633e-04,2.696247304652332678e+05
9.946469293859117045e-03,1.400495659390198504e-04,2.696365779286305769e+05
1.071158231646363035e-02,1.472204672392431353e-04,2.696486493342991453e+05
1.147669533906814365e-02,1.551117544861201861e-04,2.696601446766597801e+05
1.224180836167265696e-02,1.636934949378276397e-04,2.696716347954816301e+05
1.300692138427717026e-02,1.729357558525419704e-04,2.696831291880630888e+05
1.377203440688168357e-02,1.827605706913601003e-04,2.696935576319819666e+05
1.453714742948619687e-02,1.928457186243203976e-04,2.697014935654567089e+05
1.530226045209071017e-02,2.027915329679407940e-04,2.697068940764970030e+05
1.606737347469522348e-02,2.121983158257511888e-04,2.697097297905696905e+05
1.683248649729973678e-02,2.206849678685590514e-04,2.697106667499614414e+05
1.759759951990425009e-02,2.282454528155078758e-04,2.697133824336838443e+05
1.836271254250876339e-02,2.352216626703244602e-04,2.697184126510919305e+05
1.912782556511327670e-02,2.419686514550026116e-04,2.697257514702418121e+05
1.989293858771779000e-02,2.488414731915360558e-04,2.697353988198366715e+05
2.065805161032230330e-02,2.561951819019185183e-04,2.697473604892270523e+05
2.142316463292681661e-02,2.643572874573953471e-04,2.697608138870227849e+05
2.218827765553132991e-02,2.733114983119570049e-04,2.697728763261039858e+05
2.295339067813584322e-02,2.828079691008503400e-04,2.697833234900812968e+05
2.371850370074035652e-02,2.925923984262966140e-04,2.697921846108942991e+05
2.448361672334486983e-02,3.024114375230890902e-04,2.697995677957805456e+05
2.524872974594938313e-02,3.121206550776576866e-04,2.698070548252154840e+05
2.601384276855389643e-02,3.217838209580190867e-04,2.698153105872047017e+05
2.677895579115840974e-02,3.314881673682794545e-04,2.698243746236341540e+05
2.754406881376292304e-02,3.413209265125448995e-04,2.698342051645498723e+05
2.830918183636743635e-02,3.513335814181937065e-04,2.698439528288896545e+05
2.907429485897194965e-02,3.613703580734902018e-04,2.698523129182262346e+05
2.983940788157646296e-02,3.712009735563513908e-04,2.698592306959509151e+05
3.060452090418097626e-02,3.805950472784209895e-04,2.698646714655879769e+05
3.136963392678548956e-02,3.893293662064541572e-04,2.698688941879456397e+05
3.213474694939000287e-02,3.973570703055858810e-04,2.698737105166612309e+05
3.289985997199451617e-02,4.048142879248012738e-04,2.698794229650954367e+05
3.366497299459902948e-02,4.118456426128406915e-04,2.698860145513489842e+05
3.443008601720354278e-02,4.185957579184443268e-04,2.698934727221666835e+05
3.519519903980805609e-02,4.252092573903528067e-04,2.699017893529374269e+05
3.596031206241256939e-02,4.318263667247807056e-04,2.699108180845584720e+05
3.672542508501708269e-02,4.385226293043225742e-04,2.699199822702595266e+05
3.749053810762159600e-02,4.453243639115668224e-04,2.699292259312051465e+05
3.825565113022610930e-02,4.522566554777708039e-04,2.699385586573607288e+05
3.902076415283062261e-02,4.593445889341918721e-04,2.699479944673358114e+05
3.978587717543513591e-02,4.666132492120873268e-04,2.699575518083839561e+05
4.055099019803964921e-02,4.740779045079136582e-04,2.699669824161382858e+05
4.131610322064416252e-02,4.816558785396496617e-04,2.699755537234158255e+05
4.208121624324867582e-02,4.892082238291987559e-04,2.699832475891007925e+05
4.284632926585318913e-02,4.965953220518217999e-04,2.699900489624051843e+05
4.361144228845770243e-02,5.036775548827791653e-04,2.699959226222791476e+05
4.437655531106221574e-02,5.103153039973317654e-04,2.700008372691163677e+05
4.514166833366672904e-02,5.163897230134347318e-04,2.700052570535124396e+05
4.590678135627124234e-02,5.219222550224404157e-04,2.700100786500366521e+05
4.667189437887575565e-02,5.269923940335741056e-04,2.700153033187741530e+05
4.743700740148026895e-02,5.316798189990200405e-04,2.700209150136273238e+05
4.820212042408478226e-02,5.360642088709620260e-04,2.700269015018759528e+05
4.896723344668929556e-02,5.402252426015840842e-04,2.700332543641770026e+05
4.973234646929380887e-02,5.442425991430702376e-04,2.700399689945646096e+05
5.049745949189832217e-02,5.481959574476043999e-04,2.700470446004501428e+05
5.126257251450327956e-02,5.521649964673727620e-04,2.700544842026223196e+05
5.202768553710779287e-02,5.562132320878795770e-04,2.700619624154766207e+05
5.279279855971230617e-02,5.603299069725154640e-04,2.700690925411191420e+05
5.355791158231681948e-02,5.644829427439667074e-04,2.700758882615240873e+05
5.432302460492133278e-02,5.686402591898744550e-04,2.700823678509889869e+05
5.508813762752584609e-02,5.727697760978805053e-04,2.700885533971885452e+05
5.585325065013035939e-02,5.768394132556262230e-04,2.700944708011747571e+05
5.661836367273487269e-02,5.808170904507527557e-04,2.701001347421146347e+05
5.738347669533938600e-02,5.846707274709019020e-04,2.701055280336329597e+05
5.814858971794389930e-02,5.883682441037149180e-04,2.701106369587347726e+05
5.891370274054841261e-02,5.918775601368332770e-04,2.701154492289157351e+05
5.967881576315292591e-02,5.951679859283005511e-04,2.701200012269331492e+05
6.044392878575743921e-02,5.982317283876618843e-04,2.701244954248681897e+05
6.120904180836195252e-02,6.010797540298187499e-04,2.701289492022499908e+05
6.197415483096646582e-02,6.037235822370233713e-04,2.701333557221109513e+05
6.273926785357097913e-02,6.061747323915287313e-04,2.701377095103675965e+05
6.350438087617549243e-02,6.084447238755873785e-04,2.701420064558206359e+05
6.426949389878000574e-02,6.105450760714514280e-04,2.701462438101550215e+05
6.503460692138451904e-02,6.124873083613739709e-04,2.701504201879399479e+05
6.579971994398903234e-02,6.142829401276073392e-04,2.701545355666286778e+05
6.656483296659354565e-02,6.159434907524039731e-04,2.701585912865587743e+05
6.732994598919805895e-02,6.174804796180166384e-04,2.701625900509518688e+05
6.809505901180257226e-02,6.189054261066977754e-04,2.701665359259139514e+05
6.886017203440708556e-02,6.202298496007000415e-04,2.701704343404350802e+05
6.962528505701159887e-02,6.214652694822759855e-04,2.701742920863895561e+05
7.039039807961611217e-02,6.226232051336780477e-04,2.701781173185358639e+05
7.115551110222062547e-02,6.237151759371588854e-04,2.701819195545166149e+05
7.192062412482513878e-02,6.247527012749710474e-04,2.701857072677951073e+05
7.268573714742965208e-02,6.257473005293670825e-04,2.701894790759595344e+05
7.345085017003416539e-02,6.267104930825997565e-04,2.701932360366697540e+05
7.421596319263867869e-02,6.276537766358673137e-04,2.701969778813669691e+05
7.498107621524319200e-02,6.285844153790762527e-04,2.702006425913588027e+05
7.574618923784770530e-02,6.295004002528446080e-04,2.702042020340815652e+05
7.651130226045221860e-02,6.303984937386523978e-04,2.702076586476626107e+05
7.727641528305673191e-02,6.312754583179796403e-04,2.702110150865814066e+05
7.804152830566124521e-02,6.321280564723062451e-04,2.702142742216697661e+05
7.880664132826575852e-02,6.329530506831122305e-04,2.702174391401112080e+05
7.957175435087027182e-02,6.337472034318773978e-04,2.702205131454416551e+05
8.033686737347478513e-02,6.345072772000817651e-04,2.702234997575492016e+05
8.110198039607929843e-02,6.352300344692053506e-04,2.702264027126739966e+05
8.186709341868381173e-02,6.359122377207281724e-04,2.702292259634081274e+05
8.263220644128832504e-02,6.365506494361298151e-04,2.702319736786960857e+05
8.339731946389283834e-02,6.371420320968907303e-04,2.702346502438344760e+05
8.416243248649735165e-02,6.376831481844905027e-04,2.702372602604717831e+05
8.492754550910186495e-02,6.381707601804092588e-04,2.702398085466088378e+05
8.569265853170637826e-02,6.386016305661269083e-04,2.702423001365985256e+05
8.645777155431089156e-02,6.389725218231234695e-04,2.702447367765579838e+05
8.722288457691540486e-02,6.392801964328788519e-04,2.702471077058154624e+05
8.798799759951991817e-02,6.395214168768728570e-04,2.702494086020035320e+05
8.875311062212443147e-02,6.396929456365856113e-04,2.702516361838199082e+05
8.951822364472894478e-02,6.397915451934970245e-04,2.702537873833008343e+05
9.028333666733345808e-02,6.398139780290870065e-04,2.702558593458206160e+05
9.104844968993797139e-02,6.397570066248355752e-04,2.702578494300919119e+05
9.181356271254248469e-02,6.396173934622227490e-04,2.702597552081657923e+05
9.257867573514699799e-02,6.393919010227283291e-04,2.702615744654316222e+05
9.334378875775151130e-02,6.390772917878323337e-04,2.702633052006168291e+05
9.410890178035602460e-02,6.386703282390146725e-04,2.702649456257873680e+05
9.487401480296053791e-02,6.381677728577554720e-04,2.702664941663475474e+05
9.563912782556505121e-02,6.375663881255344253e-04,2.702679494610397960e+05
9.640424084817000860e-02,6.368629365238312251e-04,2.702693103619448375e+05
9.716935387077452191e-02,6.360541805341265401e-04,2.702705759344818653e+05
9.793446689337903521e-02,6.351368826379000633e-04,2.702717454574081930e+05
9.869957991598354852e-02,6.341078053166317044e-04,2.702728184228196042e+05
9.946469293858806182e-02,6.329637110518012647e-04,2.702737945361500606e+05
1.002298059611925751e-01,6.317013623248888708e-04,2.702746737161718193e+05
1.009949189837970884e-01,6.303175216173746492e-04,2.702754564508900512e+05
1.017600320064016017e-01,6.288090355824995422e-04,2.702761464208397665e+05
1.025251450290061150e-01,6.271790885251826882e-04,2.702768218907550909e+05
1.032902580516106283e-01,6.254415099540068827e-04,2.702775067017223919e+05
1.040553710742151416e-01,6.236111483765744172e-04,2.702781972371152951e+05
1.048204840968196550e-01,6.217028523004876914e-04,2.702788911003721878e+05
1.055855971194241683e-01,6.197314702333491052e-04,2.702795871149952873e+05
1.063507101420286816e-01,6.177118506827610584e-04,2.702802853245511069e+05
1.071158231646331949e-01,6.156588421563259509e-04,2.702809869926706888e+05
1.078809361872377082e-01,6.135872931616461823e-04,2.702816946030490217e+05
1.086460492098422215e-01,6.115120522063241526e-04,2.702824118594453903e+05
1.094111622324467348e-01,6.094479677979622615e-04,2.702831436856834916e+05
1.101762752550512481e-01,6.074098884441629089e-04,2.702838962256510858e+05
1.109413882776557614e-01,6.054126626525284946e-04,2.702846768433002871e+05
1.117065013002602747e-01,6.034711389306612016e-04,2.702854941226472729e+05
1.124716143228647880e-01,6.016001657861638633e-04,2.702863578677728074e+05
1.132367273454693013e-01,5.998145917266384458e-04,2.702872791028215433e+05
1.140018403680738146e-01,5.981292652596875660e-04,2.702882700720026623e+05
1.147669533906783279e-01,5.965590348929136234e-04,2.702893442395892926e+05
1.155320664132828412e-01,5.951187491339189096e-04,2.702905162899190909e+05
1.162971794358873545e-01,5.938232564903058244e-04,2.702918021273937775e+05
1.170622924584918678e-01,5.926851001811100656e-04,2.702931597040945780e+05
1.178274054810963811e-01,5.916976557454439170e-04,2.702944666684339754e+05
1.185925185037008944e-01,5.908447970818117784e-04,2.702957061900648405e+05
1.193576315263054077e-01,5.901103298980976903e-04,2.702968775079767220e+05
1.201227445489099210e-01,5.894780599021849339e-04,2.702979845896724728e+05
1.208878575715144343e-01,5.889317928019572245e-04,2.702990304217623197e+05
1.216529705941189476e-01,5.884553343052979519e-04,2.703000170099636889e+05
1.224180836167234609e-01,5.880324901200903974e-04,2.703009453791017877e+05
1.231831966393279743e-01,5.876470659542184930e-04,2.703018155731087318e+05
1.239483096619324876e-01,5.872828675155655201e-04,2.703026266550241853e+05
1.247134226845370009e-01,5.869237005120149769e-04,2.703033767069953610e+05
1.254785357071415142e-01,5.865533706514501448e-04,2.703040628302766127e+05
1.262436487297460275e-01,5.861556836417549559e-04,2.703046811452297843e+05
1.270087617523505408e-01,5.857144451908127998e-04,2.703052267913239193e+05
1.277738747749550541e-01,5.852134610065071749e-04,2.703056939271357260e+05
1.285389877975595674e-01,5.846365367967212541e-04,2.703060757303489372e+05
1.293041008201640807e-01,5.839674782693389694e-04,2.703063643977549509e+05
1.300692138427685940e-01,5.831900911322437106e-04,2.703065511452524224e+05
1.308343268653731073e-01,5.822881810933189760e-04,2.703066262078473228e+05
1.315994398879776206e-01,5.812455538604481553e-04,2.703065788396530552e+05
1.323645529105821339e-01,5.800460151415147468e-04,2.703063973138903966e+05
1.331296659331866472e-01,5.786733706444025741e-04,2.703060689228874980e+05
1.338947789557911605e-01,5.771114260769947017e-04,2.703055799780798261e+05
1.346598919783956738e-01,5.753439871471750615e-04,2.703049196075682412e+05
1.354250050010001871e-01,5.733548595628267181e-04,2.703040813692868687e+05
1.361901180236047004e-01,5.711278490318336034e-04,2.703030523007744923e+05
1.369552310462092137e-01,5.686467612620789988e-04,2.703018210024958826e+05
1.377203440688137270e-01,5.658996487581166969e-04,2.703004854657063843e+05
1.384854570914182403e-01,5.629086750358133643e-04,2.702992800450202194e+05
1.392505701140227536e-01,5.597124275168662792e-04,2.702982080710852169e+05
1.400156831366272669e-01,5.563495987841749488e-04,2.702972656046134070e+05
1.407807961592322243e-01,5.528588814206372541e-04,2.702964505713786348e+05
1.415459091818367376e-01,5.492789680091570391e-04,2.702957627622165019e+05
1.423110222044412509e-01,5.456485511326320762e-04,2.702952038330245414e+05
1.430761352270457643e-01,5.420063233739617643e-04,2.702947773047619849e+05
1.438412482496502776e-01,5.383909773160463694e-04,2.702944885634498205e+05
1.446063612722547909e-01,5.348412055417855072e-04,2.702943448601710843e+05
1.453714742948593042e-01,5.313957006340787933e-04,2.702943553110703942e+05
1.461365873174638175e-01,5.280931551758261686e-04,2.702945308973544743e+05
1.469017003400683308e-01,5.249694362092514671e-04,2.702948065251839580e+05
1.476668133626728441e-01,5.220323099416098855e-04,2.702949791689820122e+05
1.484319263852773574e-01,5.192734385641459369e-04,2.702950524945067591e+05
1.491970394078818707e-01,5.166842937740555395e-04,2.702950449432118330e+05
1.499621524304863840e-01,5.142563472685347196e-04,2.702949768216130906e+05
1.507272654530908973e-01,5.119810707447796120e-04,2.702948703012877959e+05
1.514923784756954106e-01,5.098499358999861349e-04,2.702947494188753190e+05
1.522574914982999239e-01,5.078544144313504229e-04,2.702946396407562424e+05
1.530226045209044372e-01,5.059859780360683942e-04,2.702945238962355652e+05
1.537877175435089505e-01,5.042360984113360752e-04,2.702943862971768249e+05
1.545528305661134638e-01,5.025962472543497091e-04,2.702942339745232603e+05
1.553179435887179771e-01,5.010578962623051056e-04,2.702940730390047538e+05
1.560830566113224904e-01,4.996125171323981826e-04,2.702939085811373661e+05
1.568481696339270037e-01,4.982515815618254003e-04,2.702937446712233941e+05
1.576132826565315170e-01,4.969665612477824597e-04,2.702935843593514874e+05
1.583783956791360303e-01,4.957489278874653875e-04,2.702934296753965318e+05
1.591435087017405436e-01,4.945901531780703183e-04,2.702932816290197661e+05
1.599086217243450569e-01,4.934817088167933871e-04,2.702931402096686652e+05
1.606737347469495703e-01,4.924147275230171365e-04,2.702929945292308694e+05
1.614388477695540836e-01,4.913765069610013560e-04,2.702928113216821221e+05
1.622039607921585969e-01,4.903519197855989034e-04,2.702925852135536843e+05
1.629690738147631102e-01,4.893258003897147735e-04,2.702923121134382091e+05
1.637341868373676235e-01,4.882829831662541774e-04,2.702919869097147021e+05
1.644992998599721368e-01,4.872083025081221639e-04,2.702916034705482889e+05
1.652644128825766501e-01,4.860865928082238360e-04,2.702911546438906225e+05
1.660295259051811634e-01,4.849026884594642966e-04,2.702906322574793594e+05
1.667946389277856767e-01,4.836414238547487028e-04,2.702900271188387414e+05
1.675597519503901900e-01,4.822876333869821576e-04,2.702893290152789559e+05
1.683248649729947033e-01,4.808261514490697638e-04,2.702885267138968338e+05
1.690899779955992166e-01,4.792418124339165703e-04,2.702876079615753260e+05
1.698550910182037299e-01,4.775194507344277342e-04,2.702865594849836780e+05
1.706202040408082432e-01,4.756439007435084667e-04,2.702853696210135822e+05
1.713853170634127565e-01,4.735999968540637625e-04,2.702840428156905109e+05
1.721504300860172698e-01,4.713725734589987787e-04,2.702825683115095017e+05
1.729155431086217831e-01,4.689464649512185639e-04,2.702809327742227470e+05
1.736806561312262964e-01,4.663065057236282212e-04,2.702791243553652312e+05
1.744457691538308097e-01,4.634375301691330703e-04,2.702771326922557200e+05
1.752108821764353230e-01,4.603244008353891514e-04,2.702749526462587528e+05
1.759759951990398363e-01,4.569650880017613547e-04,2.702727914496540907e+05
1.767411082216443496e-01,4.533914863097852845e-04,2.702707677649382968e+05
1.775062212442488629e-01,4.496409061154568753e-04,2.702688771725631086e+05
1.782713342668533762e-01,4.457506577747720076e-04,2.702671167387632886e+05
1.790364472894578896e-01,4.417580516437266160e-04,2.702654850155570894e+05
1.798015603120624029e-01,4.377003980783166349e-04,2.702639820407458465e+05
1.805666733346669162e-01,4.336150074345379449e-04,2.702626093379143858e+05
1.813317863572714295e-01,4.295391900683865347e-04,2.702613699164306163e+05
1.820968993798759428e-01,4.255102563358582305e-04,2.702602682714458206e+05
1.828620124024804561e-01,4.215655165929490210e-04,2.702593103838945972e+05
1.836271254250849694e-01,4.177406077820084731e-04,2.702584465704507893e+05
1.843922384476894827e-01,4.140433616513077030e-04,2.702574275481813238e+05
1.851573514702939960e-01,4.104586962736598145e-04,2.702562322908024071e+05
1.859224644928989534e-01,4.069708461076061668e-04,2.702548727223816095e+05
1.866875775155034667e-01,4.035640456116946790e-04,2.702533622527699335e+05
1.874526905381079800e-01,4.002225292444666562e-04,2.702517157776014647e+05
1.882178035607124933e-01,3.969305314644656262e-04,2.702499496782936621e+05
1.889829165833170066e-01,3.936722867302352795e-04,2.702480818220472429e+05
1.897480296059215199e-01,3.904320295003190357e-04,2.702461314777122461e+05
1.905131426285260332e-01,3.871939942332604766e-04,2.702440777928909520e+05
1.912782556511305465e-01,3.839424153876032928e-04,2.702418943348585744e+05
1.920433686737350598e-01,3.806615274218909037e-04,2.702395832410643343e+05
1.928084816963395731e-01,3.773361469261917876e-04,2.702371689460148336e+05
1.935735947189440864e-01,3.739638431681125840e-04,2.702347821405605064e+05
1.943387077415485997e-01,3.705545942753260416e-04,2.702324453419368365e+05
1.951038207641531130e-01,3.671188917274333672e-04,2.702301604483124102e+05
1.958689337867576263e-01,3.636672270040358212e-04,2.702279292980354512e+05
1.966340468093621396e-01,3.602100915847346644e-04,2.702257536696342868e+05
1.973991598319666529e-01,3.567579769491311032e-04,2.702236352818168234e+05
1.981642728545711662e-01,3.533213745768264526e-04,2.702215757934709545e+05
1.989293858771756796e-01,3.499107759474220274e-04,2.702195768036643276e+05
1.996944988997801929e-01,3.465366725405189256e-04,2.702176398516444024e+05
2.004596119223847062e-01,3.432095558357184622e-04,2.702157664168383926e+05
2.012247249449892195e-01,3.399399173126219521e-04,2.702139579188535572e+05
2.019898379675937328e-01,3.367380008682341417e-04,2.702122048563166754e+05
2.027549509901982461e-01,3.336066382740244174e-04,2.702104272625172161e+05
2.035200640128027594e-01,3.305401469436766173e-04,2.702086097409590147e+05
2.042851770354072727e-01,3.275323749327667530e-04,2.702067534719685209e+05
2.050502900580117860e-01,3.245771702968706192e-04,2.702048595760520548e+05
2.058154030806162993e-01,3.216683810915641731e-04,2.702029291138955159e+05
2.065805161032208126e-01,3.187998553724233721e-04,2.702009630863649072e+05
2.073456291258253259e-01,3.159654411950240651e-04,2.701989624345058110e+05
2.081107421484298392e-01,3.131589866149422636e-04,2.701969280395437963e+05
2.088758551710343525e-01,3.103743396877537623e-04,2.701948607228842448e+05
2.096409681936388658e-01,3.076053484690345727e-04,2.701927612461122335e+05
2.104060812162433791e-01,3.048458610143605979e-04,2.701906303109928849e+05
2.111711942388478924e-01,3.020897253793076867e-04,2.701884685594710172e+05
2.119363072614524057e-01,2.993307896194519050e-04,2.701862765736710862e+05
2.127014202840569190e-01,2.965633752017275021e-04,2.701840636875810451e+05
2.134665333066614323e-01,2.937845236207902323e-04,2.701818410507758381e+05
2.142316463292659456e-01,2.909922459567408225e-04,2.701796067748262431e+05
2.149967593518704589e-01,2.881845544807151716e-04,2.701773590880812844e+05
2.157618723744749722e-01,2.853594614638491241e-04,2.701750963108169963e+05
2.165269853970794856e-01,2.825149791772787957e-04,2.701728168552365969e+05
2.172920984196839989e-01,2.796491198921399767e-04,2.701705192254699068e+05
2.180572114422885122e-01,2.767598958795686745e-04,2.701682020175738726e+05
2.188223244648930255e-01,2.738453194107007336e-04,2.701658639195323340e+05
2.195874374874975388e-01,2.709034027566722155e-04,2.701635037112560822e+05
2.203525505101020521e-01,2.679321581886190190e-04,2.701611202645828016e+05
2.211176635327065654e-01,2.649295979776769344e-04,2.701587125432772445e+05
2.218827765553110787e-01,2.618937343949820232e-04,2.701562796030309401e+05
2.226478895779155920e-01,2.588226504980659180e-04,2.701538248389861546e+05
2.234130026005201053e-01,2.557188859065019052e-04,2.701514047866390320e+05
2.241781156231246186e-01,2.525920110714771193e-04,2.701490368144526728e+05
2.249432286457291319e-01,2.494522158741484686e-04,2.701467203458264121e+05
2.257083416683336452e-01,2.463096901956725901e-04,2.701444548960864777e+05
2.264734546909381585e-01,2.431746239172062835e-04,2.701422400724863401e+05
2.272385677135426718e-01,2.400572069199062401e-04,2.701400755742059555e+05
2.280036807361471851e-01,2.369676290849291242e-04,2.701379611923525808e+05
2.287687937587516984e-01,2.339160802934316542e-04,2.701358968099602498e+05
2.295339067813562117e-01,2.309127504265706568e-04,2.701338824019899475e+05
2.302990198039611691e-01,2.279678293655010616e-04,2.701319180353297270e+05
2.310641328265656824e-01,2.250915069913830022e-04,2.701300038687943597e+05
2.318292458491701957e-01,2.222939731853715707e-04,2.701281563875052379e+05
2.325943588717747090e-01,2.195854178286233771e-04,2.701264314906297368e+05
2.333594718943792223e-01,2.169715936190642165e-04,2.701247023103836109e+05
2.341245849169837356e-01,2.144209076054723827e-04,2.701226797695735586e+05
2.348896979395882489e-01,2.118830648878643186e-04,2.701203345605329960e+05
2.356548109621927622e-01,2.093076310622096162e-04,2.701176496143071563e+05
2.364199239847972756e-01,2.066441717244778405e-04,2.701146087002033601e+05
2.371850370074017889e-01,2.038422524706386921e-04,2.701111964257905493e+05
2.379501500300063022e-01,2.008514388966618173e-04,2.701073982368996949e+05
2.387152630526108155e-01,1.976212965985166996e-04,2.701032004176233895e+05
2.394803760752153288e-01,1.941013911721730669e-04,2.700985900903163129e+05
2.402454890978198421e-01,1.902412882136005111e-04,2.700935552155948826e+05
2.410106021204243554e-01,1.859905533187685702e-04,2.700880845923373709e+05
2.417757151430288687e-01,1.812987520836469718e-04,2.700821678576839040e+05
2.425408281656333820e-01,1.761224798924167581e-04,2.700759933537020697e+05
2.433059411882378953e-01,1.704917946697726580e-04,2.700701326679408667e+05
2.440710542108424086e-01,1.644805015639613950e-04,2.700646155148296384e+05
2.448361672334469219e-01,1.581629871768625202e-04,2.700594348845560453e+05
2.456012802560514352e-01,1.516136381103555845e-04,2.700545846055694274e+05
2.463663932786559485e-01,1.449068409663200848e-04,2.700500593445810955e+05
2.471315063012604618e-01,1.381169823466355450e-04,2.700458546065640403e+05
2.478966193238649751e-01,1.313184488531814621e-04,2.700419667347532813e+05
2.486617323464694884e-01,1.245856270878374411e-04,2.700383929106456926e+05
2.494268453690740017e-01,1.179854778115653951e-04,2.700348830391981173e+05
2.501919583916785150e-01,1.114678058660739131e-04,2.700303658247482381e+05
2.509570714142830283e-01,1.048890348668487659e-04,2.700247276774540660e+05
2.517221844368875416e-01,9.810299434108018060e-05,2.700180124752472620e+05
2.524872974594920549e-01,9.096351381595828962e-05,2.700101935875287745e+05
2.532524104820965682e-01,8.332442281867327943e-05,2.700012406683772570e+05
2.540175235047010815e-01,7.504828226632727242e-05,2.699914768193659256e+05
2.547826365273055949e-01,6.620214877125689759e-05,2.699829908074334380e+05
2.555477495499101082e-01,5.705963666559423799e-05,2.699761333881927421e+05
2.563128625725146215e-01,4.790350408930902346e-05,2.699709079630763736e+05
2.570779755951191348e-01,3.901650918237102453e-05,2.699673263703552075e+05
2.578430886177236481e-01,3.064176793458102415e-05,2.699645656492761918e+05
2.586082016403281614e-01,2.282165447784798872e-05,2.699615185144235729e+05
2.593733146629326747e-01,1.553515178865833260e-05,2.699582160234713810e+05
2.601384276855371880e-01,8.761218505854865218e-06,2.699547037620446645e+05
2.609035407081417013e-01,2.478813268280390930e-06,2.699510357526068692e+05
2.616686537307462146e-01,-3.333105285222291001e-06,2.699472744544600137e+05
2.624337667533507279e-01,-8.690598510556753228e-06,2.699436032827944146e+05
2.631988797759552412e-01,-1.357638329543871840e-05,2.699402319222733495e+05
2.639639927985597545e-01,-1.795948583532410120e-05,2.699371800765314838e+05
2.647291058211642678e-01,-2.180889049433475010e-05,2.699344822359700920e+05
2.654942188437687811e-01,-2.509358163659248140e-05,2.699321712071745424e+05
2.662593318663732944e-01,-2.778254362621915711e-05,2.699302781129141222e+05
2.670244448889778077e-01,-2.984476082733659861e-05,2.699288323921423289e+05
2.677895579115823210e-01,-3.124921760406665437e-05,2.699278617999965791e+05
2.685546709341868343e-01,-3.196489832053114915e-05,2.699273924077985575e+05
2.693197839567913476e-01,-3.196078734085193820e-05,2.699274486030536355e+05
2.700848969793958609e-01,-3.120638361659471347e-05,2.699280190839881543e+05
2.708500100020003742e-01,-2.971209334640559653e-05,2.699285772712225444e+05
2.716151230246048875e-01,-2.755828913599030617e-05,2.699289513779905974e+05
2.723802360472094009e-01,-2.483220013033691272e-05,2.699291590565339429e+05
2.731453490698139142e-01,-2.162105547443347634e-05,2.699292162752785371e+05
2.739104620924184275e-01,-1.801208431326807412e-05,2.699291371915860218e+05
2.746755751150229408e-01,-1.409251579182876453e-05,2.699289172086977051e+05
2.754406881376278982e-01,-9.949579055101156420e-06,2.699285319477650337e+05
2.762058011602324115e-01,-5.670503248078173614e-06,2.699279580651611905e+05
2.769709141828369248e-01,-1.342517515745533379e-06,2.699271711279033916e+05
2.777360272054414381e-01,2.947148996908710903e-06,2.699261456136521883e+05
2.785011402280459514e-01,7.111267144896475352e-06,2.699248549107121071e+05
2.792662532506504647e-01,1.106375194181528351e-05,2.699233252295124112e+05
2.800313662732549780e-01,1.475904755147293732e-05,2.699219905157251633e+05
2.807964792958594913e-01,1.820206938070871084e-05,2.699209270727302064e+05
2.815615923184640046e-01,2.140089546135031832e-05,2.699201039314065129e+05
2.823267053410685179e-01,2.436360382522548078e-05,2.699194890332769719e+05
2.830918183636730312e-01,2.709827250416191587e-05,2.699190492305079242e+05
2.838569313862775445e-01,2.961297952998733784e-05,2.699187502859095111e+05
2.846220444088820578e-01,3.191580293452946771e-05,2.699185568729355582e+05
2.853871574314865711e-01,3.401482074961601295e-05,2.699184334927787422e+05
2.861522704540910844e-01,3.591811100707470477e-05,2.699183765023974120e+05
2.869173834766955977e-01,3.763375173873325063e-05,2.699183833177057095e+05
2.876824964993001110e-01,3.916982097641937834e-05,2.699184416915313923e+05
2.884476095219046243e-01,4.053439675196078860e-05,2.699185403272550320e+05
2.892127225445091376e-01,4.173555709718520244e-05,2.699186688788098982e+05
2.899778355671136509e-01,4.278138004392036120e-05,2.699188179506818415e+05
2.907429485897181642e-01,4.367994362399395204e-05,2.699189790979095269e+05
2.915080616123226775e-01,4.443932586923372309e-05,2.699191448260841426e+05
2.922731746349271909e-01,4.506760481146734795e-05,2.699193085913497489e+05
2.930382876575317042e-01,4.557278549011068922e-05,2.699194621958755888e+05
2.938034006801362175e-01,4.596152790007979928e-05,2.699195880973789026e+05
2.945685137027407308e-01,4.623930983125323257e-05,2.699196808521242929e+05
2.953336267253452441e-01,4.641156881909862101e-05,2.699197377184664365e+05
2.960987397479497574e-01,4.648374239908364399e-05,2.699197569053126499e+05
2.968638527705542707e-01,4.646126810667591312e-05,2.699197381448141532e+05
2.976289657931587840e-01,4.634958347734308067e-05,2.699196893241035868e+05
2.983940788157632973e-01,4.615412604655278535e-05,2.699196096937443363e+05
2.991591918383678106e-01,4.588033334977267944e-05,2.699194955323132453e+05
2.999243048609723239e-01,4.553364292247038132e-05,2.699193438412933028e+05
3.006894178835768372e-01,4.511949230011355681e-05,2.699191523450736422e+05
3.014545309061813505e-01,4.464331901816982431e-05,2.699189194909497164e+05
3.022196439287858638e-01,4.411056061210685641e-05,2.699186444491231232e+05
3.029847569513903771e-01,4.352665461739227149e-05,2.699183271127015469e+05
3.037498699739948904e-01,4.289703856949370829e-05,2.699179680976988166e+05
3.045149829965994037e-01,4.222715000387883261e-05,2.699175687430351973e+05
3.052800960192039170e-01,4.152242645601527640e-05,2.699171311105368077e+05
3.060452090418084303e-01,4.078830546137065806e-05,2.699166579849360278e+05
3.068103220644129436e-01,4.003022455541264339e-05,2.699161528738716734e+05
3.075754350870174569e-01,3.925362127360886434e-05,2.699156200078883558e+05
3.083405481096219702e-01,3.846393315142697996e-05,2.699150643404371222e+05
3.091056611322264835e-01,3.766659772433460864e-05,2.699144915478751063e+05
3.098707741548309968e-01,3.686705252779940264e-05,2.699139080294655287e+05
3.106358871774355102e-01,3.607073509728901423e-05,2.699133209073779290e+05
3.114010002000400235e-01,3.528308296827106858e-05,2.699127380266881082e+05
3.121661132226445368e-01,3.450953367621320441e-05,2.699121679553777212e+05
3.129312262452490501e-01,3.375552475658308077e-05,2.699116189390977379e+05
3.136963392678535634e-01,3.302631866380578382e-05,2.699110795151415514e+05
3.144614522904580767e-01,3.232454944835405392e-05,2.699105245506234351e+05
3.152265653130625900e-01,3.165082336525475723e-05,2.699099534106450737e+05
3.159916783356671033e-01,3.100569425020496459e-05,2.699093680875543505e+05
3.167567913582716166e-01,3.038971593890169259e-05,2.699087706370959640e+05
3.175219043808761299e-01,2.980344226704199852e-05,2.699081631784116034e+05
3.182870174034806432e-01,2.924742707032292269e-05,2.699075478940394241e+05
3.190521304260851565e-01,2.872222418444150883e-05,2.699069270299146883e+05
3.198172434486901139e-01,2.822838744509452284e-05,2.699063028953692992e+05
3.205823564712946272e-01,2.776647068797958101e-05,2.699056778631319175e+05
3.213474694938991405e-01,2.733702774879343231e-05,2.699050543693280197e+05
3.221125825165036538e-01,2.694061246323311705e-05,2.699044349134800141e+05
3.228776955391081671e-01,2.657777866699567558e-05,2.699038220585069503e+05
3.236428085617126804e-01,2.624908019577816177e-05,2.699032184307247517e+05
3.244079215843171937e-01,2.595507088527761256e-05,2.699026267198460991e+05
3.251730346069217070e-01,2.569630457119106829e-05,2.699020496789803728e+05
3.259381476295262203e-01,2.547333508921557267e-05,2.699014901246340596e+05
3.267032606521307336e-01,2.528671627504817620e-05,2.699009509367100545e+05
3.274683736747352469e-01,2.513700196438591243e-05,2.699004350585083012e+05
3.282334866973397602e-01,2.502474599292582846e-05,2.698999454967255006e+05
3.289985997199442735e-01,2.495050219636497818e-05,2.698994838689404423e+05
3.297637127425487868e-01,2.491482441040038497e-05,2.698990391651548562e+05
3.305288257651533002e-01,2.491826647072910612e-05,2.698986120091758785e+05
3.312939387877578135e-01,2.496138221304817855e-05,2.698982065318648238e+05
3.320590518103623268e-01,2.504472547305464938e-05,2.698978264669274795e+05
3.328241648329668401e-01,2.516885008644555893e-05,2.698974751509148628e+05
3.335892778555713534e-01,2.533430988891795431e-05,2.698971555232229875e+05
3.343543908781758667e-01,2.554165871616887246e-05,2.698968701260923990e+05
3.351195039007803800e-01,2.579145040389536388e-05,2.698966211046089884e+05
3.358846169233848933e-01,2.608423878779446889e-05,2.698964102067032945e+05
3.366497299459894066e-01,2.642057770356322444e-05,2.698962387831509113e+05
3.374148429685939199e-01,2.680101802214446917e-05,2.698961074072590563e+05
3.381799559911984332e-01,2.722485000388491397e-05,2.698959961369317025e+05
3.389450690138029465e-01,2.768814932945747379e-05,2.698958934457685100e+05
3.397101820364074598e-01,2.818648671688241513e-05,2.698957990959245362e+05
3.404752950590119731e-01,2.871543288417998077e-05,2.698957124524000101e+05
3.412404080816164864e-01,2.927055854937044737e-05,2.698956324830400408e+05
3.420055211042209997e-01,2.984743443047405432e-05,2.698955577585346182e+05
3.427706341268255130e-01,3.044163124551106813e-05,2.698954864524186123e+05
3.435357471494300263e-01,3.104871971250175867e-05,2.698954163410720066e+05
3.443008601720345396e-01,3.166427054946636195e-05,2.698953448037193157e+05
3.450659731946390529e-01,3.228385447442515125e-05,2.698952688224305748e+05
3.458310862172435662e-01,3.290304220539836934e-05,2.698951849821200594e+05
3.465961992398480795e-01,3.351740446040629966e-05,2.698950894705475075e+05
3.473613122624525928e-01,3.412251195746918500e-05,2.698949780783173628e+05
3.481264252850571062e-01,3.471393541460727491e-05,2.698948461991050863e+05
3.488915383076616195e-01,3.528724554984085282e-05,2.698946946313173394e+05
3.496566513302661328e-01,3.583801308119014797e-05,2.698945256371394498e+05
3.504217643528706461e-01,3.636180872667544380e-05,2.698943366832312895e+05
3.511868773754751594e-01,3.685420320431697630e-05,2.698941251955851330e+05
3.519519903980796727e-01,3.731076723213502214e-05,2.698938885595252505e+05
3.527171034206841860e-01,3.772707152814983088e-05,2.698936241197082563e+05
3.534822164432886993e-01,3.809868681038165885e-05,2.698933291801228770e+05
3.542473294658932126e-01,3.842118379685077593e-05,2.698930010040899506e+05
3.550124424884977259e-01,3.869013320557742491e-05,2.698926368142627762e+05
3.557775555111022392e-01,3.890110575458186889e-05,2.698922337926266482e+05
3.565426685337067525e-01,3.904967216188436421e-05,2.698917890804990893e+05
3.573077815563112658e-01,3.913140314550518075e-05,2.698912997785297921e+05
3.580728945789157791e-01,3.914186942346456130e-05,2.698907629467007355e+05
3.588380076015202924e-01,3.907664171378277574e-05,2.698901756043260684e+05
3.596031206241248057e-01,3.893129073448007362e-05,2.698895347300520516e+05
3.603682336467293190e-01,3.870141256239688468e-05,2.698888391606919467e+05
3.611333466693338323e-01,3.838534042215374263e-05,2.698881242001288920e+05
3.618984596919383456e-01,3.798655402084901870e-05,2.698874017986228573e+05
3.626635727145428589e-01,3.750910137946180805e-05,2.698866687721488415e+05
3.634286857371473722e-01,3.695703051897124644e-05,2.698859218960141880e+05
3.641937987597518855e-01,3.633438946035642901e-05,2.698851579048583517e+05
3.649589117823568429e-01,3.564522622459603075e-05,2.698843734926531324e+05
3.657240248049613562e-01,3.489358883266999384e-05,2.698835653127023252e+05
3.664891378275658695e-01,3.408352530555703393e-05,2.698827299776420696e+05
3.672542508501703828e-01,3.321908366423624614e-05,2.698818640594406170e+05
3.680193638727748962e-01,3.230431192968675948e-05,2.698809640893985052e+05
3.687844768953794095e-01,3.134325812288768265e-05,2.698800265581483836e+05
3.695495899179839228e-01,3.033997026481811415e-05,2.698790530169341364e+05
3.703147029405884361e-01,2.929849637645717621e-05,2.698780632405570941e+05
3.710798159631929494e-01,2.822288447878396736e-05,2.698770579551500268e+05
3.718449289857974627e-01,2.711718259277760306e-05,2.698760356348284986e+05
3.726100420084019760e-01,2.598543873941719875e-05,2.698749952062111697e+05
3.733751550310064893e-01,2.483170093968184618e-05,2.698739360484192730e+05
3.741402680536110026e-01,2.366001721455067436e-05,2.698728579930769047e+05
3.749053810762155159e-01,2.247443558500278858e-05,2.698717613243112573e+05
3.756704940988200292e-01,2.127900407201729075e-05,2.698706467787519796e+05
3.764356071214245425e-01,2.007777069657328955e-05,2.698695155455318163e+05
3.772007201440290558e-01,1.887478347964991059e-05,2.698683692662863177e+05
3.779658331666335691e-01,1.767409044222624563e-05,2.698672100351537229e+05
3.787309461892380824e-01,1.647973960528142028e-05,2.698660403987752507e+05
3.794960592118425957e-01,1.529577898979453306e-05,2.698648633562949835e+05
3.802611722344471090e-01,1.412625661674469266e-05,2.698636823593596928e+05
3.810262852570516223e-01,1.297522050711101621e-05,2.698625013121191296e+05
3.817913982796561356e-01,1.184671868187260901e-05,2.698613245712257922e+05
3.825565113022606489e-01,1.074448068255923764e-05,2.698601488296647440e+05
3.833216243248651622e-01,9.669635623340362270e-06,2.698589607674546423e+05
3.840867373474696755e-01,8.622043057060022883e-06,2.698577653688736027e+05
3.848518503700741888e-01,7.601553947724679999e-06,2.698565688005855191e+05
3.856169633926787021e-01,6.608019259340803461e-06,2.698553776817571488e+05
3.863820764152832155e-01,5.641289955914856333e-06,2.698541983572235331e+05
3.871471894378877288e-01,4.701217001453306761e-06,2.698530215024487115e+05
3.879123024604922421e-01,3.787651359962618235e-06,2.698518432299317792e+05
3.886774154830967554e-01,2.900443995449255088e-06,2.698506651307588909e+05
3.894425285057012687e-01,2.039445871919683776e-06,2.698494887168398709e+05
3.902076415283057820e-01,1.204507953380369267e-06,2.698483154209082713e+05
3.909727545509102953e-01,3.954812038377791269e-07,2.698471465965213138e+05
3.917378675735148086e-01,-3.877834127016247976e-07,2.698459835180600057e+05
3.925029805961193219e-01,-1.145434932231373989e-06,2.698448273807289661e+05
3.932680936187238352e-01,-1.877622390745007976e-06,2.698436793005565414e+05
3.940332066413283485e-01,-2.584494824236054801e-06,2.698425403143946896e+05
3.947983196639328618e-01,-3.266201268698056056e-06,2.698414113799191546e+05
3.955634326865373751e-01,-3.922890760124539785e-06,2.698402933756293496e+05
3.963285457091418884e-01,-4.554712334509042074e-06,2.698391871008484741e+05
3.970936587317464017e-01,-5.161815027845104095e-06,2.698380932757232804e+05
3.978587717543509150e-01,-5.744347876126251771e-06,2.698370125412242487e+05
3.986238847769554283e-01,-6.302459915346022884e-06,2.698359454591455869e+05
3.993889977995599416e-01,-6.836300181497956911e-06,2.698348925121052889e+05
4.001541108221644549e-01,-7.346017710575578928e-06,2.698338541035449016e+05
4.009192238447689682e-01,-7.831761538572435188e-06,2.698328305577296414e+05
4.016843368673734815e-01,-8.293680701482049922e-06,2.698318221197486273e+05
4.024494498899779948e-01,-8.731924235297960910e-06,2.698308289555144147e+05
4.032145629125825081e-01,-9.146641176013709323e-06,2.698298511517634615e+05
4.039796759351870215e-01,-9.537980559622821086e-06,2.698288871068785666e+05
4.047447889577915348e-01,-9.906091422118828898e-06,2.698279358258603606e+05
4.055099019803960481e-01,-1.025112279949528240e-05,2.698269988785099122e+05
4.062750150030005614e-01,-1.057322685212299876e-05,2.698260774436125066e+05
4.070401280256050747e-01,-1.087280379993062093e-05,2.698251693929987960e+05
4.078052410482095880e-01,-1.115067795901700504e-05,2.698242745669264696e+05
4.085703540708141013e-01,-1.140771518354066767e-05,2.698233937703706906e+05
4.093354670934190587e-01,-1.164478132766024737e-05,2.698225276149164420e+05
4.101005801160235720e-01,-1.186274224553398628e-05,2.698216765187585261e+05
4.108656931386280853e-01,-1.206246379132053989e-05,2.698208407067012158e+05
4.116308061612325986e-01,-1.224481181917841971e-05,2.698200202101587201e+05
4.123959191838371119e-01,-1.241065218326613892e-05,2.698192148671548348e+05
4.131610322064416252e-01,-1.256085073774221072e-05,2.698184243223231169e+05
4.139261452290461385e-01,-1.269627333676514322e-05,2.698176480269068270e+05
4.146912582516506518e-01,-1.281778583449345639e-05,2.698168852387589868e+05
4.154563712742551651e-01,-1.292625408508565833e-05,2.698161350223422050e+05
4.162214842968596784e-01,-1.302254394270026563e-05,2.698153962487289100e+05
4.169865973194641917e-01,-1.310752126149578470e-05,2.698146675956012914e+05
4.177517103420687050e-01,-1.318205189563073213e-05,2.698139475472510676e+05
4.185168233646732183e-01,-1.324700169926362280e-05,2.698132343945798348e+05
4.192819363872777316e-01,-1.330323652655296142e-05,2.698125262350988341e+05
4.200470494098822449e-01,-1.335162223165727137e-05,2.698118209729290684e+05
4.208121624324867582e-01,-1.339302466873505566e-05,2.698111171490650740e+05
4.215772754550912715e-01,-1.342830969194483088e-05,2.698104173787996406e+05
4.223423884776957848e-01,-1.345834315544511530e-05,2.698097224031530204e+05
4.231075015003002981e-01,-1.348399091339440856e-05,2.698090324517242843e+05
4.238726145229048115e-01,-1.350611881995123741e-05,2.698083476440293598e+05
4.246377275455093248e-01,-1.352559272927410317e-05,2.698076679895009147e+05
4.254028405681138381e-01,-1.354327849552152244e-05,2.698069933874885901e+05
4.261679535907183514e-01,-1.356004197285201348e-05,2.698063236272587092e+05
4.269330666133228647e-01,-1.357674901542408440e-05,2.698056583879943937e+05
4.276981796359273780e-01,-1.359426547739624332e-05,2.698049972387954476e+05
4.284632926585318913e-01,-1.361345721292700851e-05,2.698043396386787645e+05
4.292284056811364046e-01,-1.363519007617488977e-05,2.698036849365777452e+05
4.299935187037409179e-01,-1.366032992129840368e-05,2.698030323713429389e+05
4.307586317263454312e-01,-1.368974260245606175e-05,2.698023810717412853e+05
4.315237447489499445e-01,-1.372429397380637377e-05,2.698017300564566976e+05
4.322888577715544578e-01,-1.376484988950784955e-05,2.698010782340901205e+05
4.330539707941589711e-01,-1.381219426112308311e-05,2.698004262212471804e+05
4.338190838167634844e-01,-1.386664498881763039e-05,2.697997755139207002e+05
4.345841968393679977e-01,-1.392835545844337634e-05,2.697991247220066725e+05
4.353493098619725110e-01,-1.399747886857714816e-05,2.697984723137731198e+05
4.361144228845770243e-01,-1.407416841779577640e-05,2.697978166474048048e+05
4.368795359071815376e-01,-1.415857730467608825e-05,2.697971559710030560e+05
4.376446489297860509e-01,-1.425085872779491596e-05,2.697964885613489896e+05
4.384097619523905642e-01,-1.435116588572909011e-05,2.697958176414283225e+05
4.391748749749950775e-01,-1.445965197705543787e-05,2.697951447609105962e+05
4.399399879975995908e-01,-1.457647020035078981e-05,2.697944692052453756e+05
4.407051010202041041e-01,-1.470177375419197481e-05,2.697937902932491270e+05
4.414702140428086174e-01,-1.483571583715582342e-05,2.697931073771051597e+05
4.422353270654131308e-01,-1.497844964781916791e-05,2.697924198423635680e+05
4.430004400880176441e-01,-1.513012838475883208e-05,2.697917271079409984e+05
4.437655531106221574e-01,-1.529090524655164987e-05,2.697910286261212896e+05
4.445306661332266707e-01,-1.546093343177445186e-05,2.697903238825547160e+05
4.452957791558311840e-01,-1.564036613900406014e-05,2.697896123962586280e+05
4.460608921784356973e-01,-1.582935656681731543e-05,2.697888937196169863e+05
4.468260052010402106e-01,-1.602805791379103816e-05,2.697881674383805948e+05
4.475911182236447239e-01,-1.623662337850206226e-05,2.697874331716671004e+05
4.483562312462492372e-01,-1.645520615952722170e-05,2.697866905719609931e+05
4.491213442688537505e-01,-1.668395945544333688e-05,2.697859393251134316e+05
4.498864572914582638e-01,-1.692303646482723836e-05,2.697851791503424174e+05
4.506515703140627771e-01,-1.717259038625576349e-05,2.697844098002327955e+05
4.514166833366672904e-01,-1.743277441830573605e-05,2.697836310607361956e+05
4.521817963592718037e-01,-1.770374175955399001e-05,2.697828427511709160e+05
4.529469093818763170e-01,-1.798564560857735255e-05,2.697820447242223890e+05
4.537120224044808303e-01,-1.827863916395265083e-05,2.697812368659423664e+05
4.544771354270857877e-01,-1.858287562425689501e-05,2.697804190957498504e+05
4.552422484496903010e-01,-1.889850818806656667e-05,2.697795913664302789e+05
4.560073614722948143e-01,-1.922569005395866577e-05,2.697787536641361658e+05
4.567724744948993276e-01,-1.956457442051001951e-05,2.697779060083866934e+05
4.575375875175038409e-01,-1.991531448629745845e-05,2.697770484520678292e+05
4.583027005401083542e-01,-2.027806344989781316e-05,2.697761810814323835e+05
4.590678135627128675e-01,-2.065294830523038732e-05,2.697753051394648501e+05
4.598329265853173808e-01,-2.103935290300449736e-05,2.697744288164412719e+05
4.605980396079218941e-01,-2.143583038625706066e-05,2.697735545190231060e+05
4.613631526305264074e-01,-2.184089011233023538e-05,2.697726842829505913e+05
4.621282656531309208e-01,-2.225304143856617628e-05,2.697718173238346935e+05
4.628933786757354341e-01,-2.267079372230704833e-05,2.697709527468017186e+05
4.636584916983399474e-01,-2.309265632089499613e-05,2.697700898148863344e+05
4.644236047209444607e-01,-2.351713859167218801e-05,2.697692279490313958e+05
4.651887177435489740e-01,-2.394274989198077536e-05,2.697683667280879454e+05
4.659538307661534873e-01,-2.436799957916291974e-05,2.697675058888152707e+05
4.667189437887580006e-01,-2.479139701056077592e-05,2.697666453258809634e+05
4.674840568113625139e-01,-2.521145154351649869e-05,2.697657850918608019e+05
4.682491698339670272e-01,-2.562667253537224960e-05,2.697649253972386941e+05
4.690142828565715405e-01,-2.603556934347018681e-05,2.697640666104069678e+05
4.697793958791760538e-01,-2.643665132515246848e-05,2.697632092576660216e+05
4.705445089017805671e-01,-2.682842783776124602e-05,2.697623540232245577e+05
4.713096219243850804e-01,-2.720940823863868437e-05,2.697615017491995241e+05
4.720747349469895937e-01,-2.757810188512693151e-05,2.697606534356160555e+05
4.728398479695941070e-01,-2.793301813456815241e-05,2.697598102404075908e+05
4.736049609921986203e-01,-2.827266634430450522e-05,2.697589734794156975e+05
4.743700740148031336e-01,-2.859555587167814133e-05,2.697581446263902471e+05
4.751351870374076469e-01,-2.890019607403122569e-05,2.697573253129892983e+05
4.759003000600121602e-01,-2.918509630870590968e-05,2.697565173287792713e+05
4.766654130826166735e-01,-2.944876593304435148e-05,2.697557226212345413e+05
4.774305261052211868e-01,-2.968971430438870586e-05,2.697549432957380195e+05
4.781956391278257001e-01,-2.990645078008113438e-05,2.697541816155806882e+05
4.789607521504302134e-01,-3.009748471746379858e-05,2.697534400019617751e+05
4.797258651730347268e-01,-3.026132547387884987e-05,2.697527210339887533e+05
4.804909781956392401e-01,-3.039648240666844301e-05,2.697520274486773997e+05
4.812560912182437534e-01,-3.050146487317474296e-05,2.697513621409515617e+05
4.820212042408482667e-01,-3.057478223073990109e-05,2.697507281636433909e+05
4.827863172634527800e-01,-3.061494383670608575e-05,2.697501244017505669e+05
4.835514302860572933e-01,-3.062045904841543815e-05,2.697495378179899999e+05
4.843165433086618066e-01,-3.058990113896030124e-05,2.697489679900379269e+05
4.850816563312663199e-01,-3.052326003271982926e-05,2.697484039666542667e+05
4.858467693538708332e-01,-3.042191325298825309e-05,2.697478465186007088e+05
4.866118823764753465e-01,-3.028729642755352710e-05,2.697472984275972703e+05
4.873769953990798598e-01,-3.012084518420363275e-05,2.697467621712757391e+05
4.881421084216843731e-01,-2.992399515072653797e-05,2.697462399231789750e+05
4.889072214442888864e-01,-2.969818195491021067e-05,2.697457335527612595e+05
4.896723344668933997e-01,-2.944484122454261202e-05,2.697452446253882954e+05
4.904374474894979130e-01,-2.916540858741172008e-05,2.697447744023372652e+05
4.912025605121024263e-01,-2.886131967130550278e-05,2.697443238407963654e+05
4.919676735347069396e-01,-2.853401010401192804e-05,2.697438935938655050e+05
4.927327865573114529e-01,-2.818491551331896378e-05,2.697434840105557814e+05
4.934978995799159662e-01,-2.781547152701458131e-05,2.697430951357897138e+05
4.942630126025204795e-01,-2.742711377288674856e-05,2.697427267104011262e+05
4.950281256251249928e-01,-2.702127787872343344e-05,2.697423781711352058e+05
4.957932386477295061e-01,-2.659939947231260387e-05,2.697420486506485613e+05
4.965583516703340194e-01,-2.616291418144223456e-05,2.697417369775091647e+05
4.973234646929385327e-01,-2.571325763390028664e-05,2.697414416761962930e+05
4.980885777155430461e-01,-2.525186545747473482e-05,2.697411609671005863e+05
4.988536907381480034e-01,-2.478017327995327257e-05,2.697408927665241645e+05
4.996188037607525168e-01,-2.429961672912441670e-05,2.697406346866803360e+05
5.003839167833570301e-01,-2.381163143277585729e-05,2.697403840356938308e+05
5.011490298059615434e-01,-2.331765301869557244e-05,2.697401378176008584e+05
5.019141428285660567e-01,-2.281911711467153007e-05,2.697398927323488169e+05
5.026792558511705700e-01,-2.231745934849169809e-05,2.697396451757966424e+05
5.034443688737750833e-01,-2.181411534794404442e-05,2.697393912397144013e+05
5.042094818963795966e-01,-2.131052074081653700e-05,2.697391267117838142e+05
5.049745949189841099e-01,-2.080811115489714712e-05,2.697388499012081884e+05
5.057397079415886232e-01,-2.030832221797384271e-05,2.697385693706439342e+05
5.065048209641931365e-01,-1.981258955783459847e-05,2.697382866013343446e+05
5.072699339867976498e-01,-1.932234880226737215e-05,2.697380019782537711e+05
5.080350470094021631e-01,-1.883903557906014184e-05,2.697377157539072796e+05
5.088001600320066764e-01,-1.836408551600087207e-05,2.697374280483305920e+05
5.095652730546111897e-01,-1.789893424087754092e-05,2.697371388490900863e+05
5.103303860772157030e-01,-1.744501738147810277e-05,2.697368480112827383e+05
5.110954990998202163e-01,-1.700377056559053570e-05,2.697365552575362963e+05
5.118606121224247296e-01,-1.657658957148826050e-05,2.697362613912010565e+05
5.126257251450292429e-01,-1.616436656635239602e-05,2.697359701370639377e+05
5.133908381676337562e-01,-1.576764855512445082e-05,2.697356811912025441e+05
5.141559511902382695e-01,-1.538697580770756752e-05,2.697353937463672482e+05
5.149210642128427828e-01,-1.502288859400487013e-05,2.697351068628389621e+05
5.156861772354472961e-01,-1.467592718391948771e-05,2.697348194684294285e+05
5.164512902580518094e-01,-1.434663184735455783e-05,2.697345303584808717e+05
5.172164032806563227e-01,-1.403554285421320618e-05,2.697342381958662299e+05
5.179815163032608361e-01,-1.374320047439856522e-05,2.697339415109890397e+05
5.187466293258653494e-01,-1.347014497781376742e-05,2.697336387017837260e+05
5.195117423484698627e-01,-1.321691663436194525e-05,2.697333280337151373e+05
5.202768553710743760e-01,-1.298405571394622610e-05,2.697330076397788362e+05
5.210419683936788893e-01,-1.277210248646974244e-05,2.697326755205010413e+05
5.218070814162834026e-01,-1.258159722183562843e-05,2.697323295439387439e+05
5.225721944388879159e-01,-1.241308018994700976e-05,2.697319674456793582e+05
5.233373074614924292e-01,-1.226709166070702059e-05,2.697315868288411875e+05
5.241024204840969425e-01,-1.214417190401879509e-05,2.697311851640730747e+05
5.248675335067014558e-01,-1.204486118978546064e-05,2.697307597895545769e+05
5.256326465293059691e-01,-1.196969978791014803e-05,2.697303079109959072e+05
5.263977595519104824e-01,-1.191922796829599140e-05,2.697298290169165120e+05
5.271628725745149957e-01,-1.189398600084611815e-05,2.697293408174070064e+05
5.279279855971195090e-01,-1.189451415546366414e-05,2.697288442174597876e+05
5.286930986197240223e-01,-1.192135270205175844e-05,2.697283354131795932e+05
5.294582116423285356e-01,-1.197504191051353014e-05,2.697278108908836730e+05
5.302233246649330489e-01,-1.205612205075211339e-05,2.697272674271014985e+05
5.309884376875375622e-01,-1.216513339267063389e-05,2.697267020885748207e+05
5.317535507101420755e-01,-1.230261620617223090e-05,2.697261122322579031e+05
5.325186637327465888e-01,-1.246911076116003178e-05,2.697254955053171725e+05
5.332837767553511021e-01,-1.266515732753716562e-05,2.697248498451315099e+05
5.340488897779556154e-01,-1.289129617520676490e-05,2.697241734792920179e+05
5.348140028005601287e-01,-1.314806757407196716e-05,2.697234649256022531e+05
5.355791158231646421e-01,-1.343601179403589132e-05,2.697227229920779937e+05
5.363442288457691554e-01,-1.375566910500167831e-05,2.697219467769474722e+05
5.371093418683736687e-01,-1.410757977687245553e-05,2.697211356686511426e+05
5.378744548909781820e-01,-1.449228407955135544e-05,2.697202893458418548e+05
5.386395679135826953e-01,-1.491032228294150881e-05,2.697194077773847966e+05
5.394046809361872086e-01,-1.536204428007424260e-05,2.697184963513086550e+05
5.401697939587917219e-01,-1.584601367959996419e-05,2.697175691409581341e+05
5.409349069813962352e-01,-1.635981649864057710e-05,2.697166277040049899e+05
5.417000200040007485e-01,-1.690102877933989648e-05,2.697156731701639364e+05
5.424651330266052618e-01,-1.746722656384173744e-05,2.697147069593616761e+05
5.432302460492097751e-01,-1.805598589428991511e-05,2.697137307817374240e+05
5.439953590718147325e-01,-1.866488281282859698e-05,2.697127466376427328e+05
5.447604720944192458e-01,-1.929149336160090024e-05,2.697117568176414352e+05
5.455255851170237591e-01,-1.993339358275097881e-05,2.697107639025097596e+05
5.462906981396282724e-01,-2.058815951842265122e-05,2.697097707632361562e+05
5.470558111622327857e-01,-2.125336721075974275e-05,2.697087805610214709e+05
5.478209241848372990e-01,-2.192659270190604822e-05,2.697077967472790042e+05
5.485860372074418123e-01,-2.260541203400539628e-05,2.697068230413795682e+05
5.493511502300463256e-01,-2.328740124920159531e-05,2.697058575313187321e+05
5.501162632526508389e-01,-2.397013638963846720e-05,2.697048961010456551e+05
5.508813762752553522e-01,-2.465119349745982031e-05,2.697039378139569308e+05
5.516464892978598655e-01,-2.532814861480947314e-05,2.697029819786867010e+05
5.524116023204643788e-01,-2.599857778383124422e-05,2.697020281491072965e+05
5.531767153430688921e-01,-2.666005704666893851e-05,2.697010761243284214e+05
5.539418283656734054e-01,-2.731016244546638131e-05,2.697001259486977942e+05
5.547069413882779187e-01,-2.794647002236737757e-05,2.696991779118007980e+05
5.554720544108824321e-01,-2.856655581951575258e-05,2.696982325484606554e+05
5.562371674334869454e-01,-2.916799587905531132e-05,2.696972906387383700e+05
5.570022804560914587e-01,-2.974836624312987229e-05,2.696963532079326105e+05
5.577673934786959720e-01,-3.030524295388326418e-05,2.696954215265800594e+05
5.585325065013004853e-01,-3.083620205345927840e-05,2.696944971104548895e+05
5.592976195239049986e-01,-3.133881958400174363e-05,2.696935817205692292e+05
5.600627325465095119e-01,-3.181067158765447499e-05,2.696926773631729884e+05
5.608278455691140252e-01,-3.224933410656128085e-05,2.696917862897537998e+05
5.615929585917185385e-01,-3.265238318286598309e-05,2.696909109970370773e+05
5.623580716143230518e-01,-3.301739485871239008e-05,2.696900542269859579e+05
5.631231846369275651e-01,-3.334194517624433049e-05,2.696892189668015926e+05
5.638882976595320784e-01,-3.362361017760560591e-05,2.696884084489225643e+05
5.646534106821365917e-01,-3.386033026482542738e-05,2.696876169732115814e+05
5.654185237047411050e-01,-3.405293438091532444e-05,2.696868278840511339e+05
5.661836367273456183e-01,-3.420362686933034767e-05,2.696860444050552906e+05
5.669487497499501316e-01,-3.431462049236021461e-05,2.696852707496139337e+05
5.677138627725546449e-01,-3.438812801229466990e-05,2.696845113763547270e+05
5.684789757951591582e-01,-3.442636219142343788e-05,2.696837709891429986e+05
5.692440888177636715e-01,-3.443153579203624284e-05,2.696830545370821492e+05
5.700092018403681848e-01,-3.440586157642282943e-05,2.696823668612377951e+05
5.707743148629726981e-01,-3.435155230687291520e-05,2.696816894226697041e+05
5.715394278855772114e-01,-3.427082074567623123e-05,2.696810113638971234e+05
5.723045409081817247e-01,-3.416587965512252217e-05,2.696803353619614500e+05
5.730696539307862380e-01,-3.403894179750149878e-05,2.696796637507018750e+05
5.738347669533907514e-01,-3.389221993510291249e-05,2.696789985207550926e+05
5.745998799759952647e-01,-3.372792683021648083e-05,2.696783413195558242e+05
5.753649929985997780e-01,-3.354827524513193489e-05,2.696776934513364104e+05
5.761301060212042913e-01,-3.335547794213900578e-05,2.696770558771268697e+05
5.768952190438088046e-01,-3.315174768352743134e-05,2.696764292147550732e+05
5.776603320664133179e-01,-3.293929723158692914e-05,2.696758137388465693e+05
5.784254450890178312e-01,-3.272033934860724380e-05,2.696752093808245263e+05
5.791905581116223445e-01,-3.249708679687809965e-05,2.696746157289100229e+05
5.799556711342268578e-01,-3.227175233868922099e-05,2.696740320281218155e+05
5.807207841568313711e-01,-3.204654873633035249e-05,2.696734571802763967e+05
5.814858971794358844e-01,-3.182368875209121167e-05,2.696728897439878201e+05
5.822510102020403977e-01,-3.160538514826152963e-05,2.696723279346682830e+05
5.830161232246449110e-01,-3.139385068713104423e-05,2.696717696245273110e+05
5.837812362472494243e-01,-3.119129813098948657e-05,2.696712123425722821e+05
5.845463492698539376e-01,-3.099994024212658774e-05,2.696706532746084849e+05
5.853114622924584509e-01,-3.082198978283206528e-05,2.696700892632387113e+05
5.860765753150629642e-01,-3.065965951539567061e-05,2.696695168078636052e+05
5.868416883376674775e-01,-3.051516220210711449e-05,2.696689320646814886e+05
5.876068013602719908e-01,-3.039071060525614157e-05,2.696683308466885355e+05
5.883719143828769482e-01,-3.028851748713241518e-05,2.696677086236784817e+05
5.891370274054814615e-01,-3.021079561002579516e-05,2.696670605222429149e+05
5.899021404280859748e-01,-3.015975773622595161e-05,2.696663813257711008e+05
5.906672534506904881e-01,-3.013761662802261223e-05,2.696656655482910573e+05
5.914323664732950014e-01,-3.014658504770549797e-05,2.696649213306397432e+05
5.921974794958995147e-01,-3.018837214035518954e-05,2.696641672950993525e+05
5.929625925185040280e-01,-3.026174723966144404e-05,2.696634197244708193e+05
5.937277055411085414e-01,-3.036441598054222742e-05,2.696626773591712117e+05
5.944928185637130547e-01,-3.049408253469134103e-05,2.696619388893722789e+05
5.952579315863175680e-01,-3.064845107380257262e-05,2.696612031847225735e+05
5.960230446089220813e-01,-3.082522576956970997e-05,2.696604692943474511e+05
5.967881576315265946e-01,-3.102211079368655104e-05,2.696597364468490123e+05
5.975532706541311079e-01,-3.123681031784689035e-05,2.696590040503061027e+05
5.983183836767356212e-01,-3.146702851374451570e-05,2.696582716922744294e+05
5.990834966993401345e-01,-3.171046955307322163e-05,2.696575391397864441e+05
5.998486097219446478e-01,-3.196483760752678914e-05,2.696568063393514603e+05
6.006137227445491611e-01,-3.222783684879902634e-05,2.696560734169553616e+05
6.013788357671536744e-01,-3.249717144858372099e-05,2.696553406780610676e+05
6.021439487897581877e-01,-3.277054557857465411e-05,2.696546086076082429e+05
6.029090618123627010e-01,-3.304566341046562701e-05,2.696538778700131807e+05
6.036741748349672143e-01,-3.332022911595044102e-05,2.696531493091690354e+05
6.044392878575717276e-01,-3.359194686672287036e-05,2.696524239484458230e+05
6.052044008801762409e-01,-3.385852083447670960e-05,2.696517029906903044e+05
6.059695139027807542e-01,-3.411765519090575327e-05,2.696509878182259272e+05
6.067346269253852675e-01,-3.436705410770380271e-05,2.696502799928530585e+05
6.074997399479897808e-01,-3.460442175656464568e-05,2.696495812558488105e+05
6.082648529705942941e-01,-3.482746230918206320e-05,2.696488935279669822e+05
6.090299659931988074e-01,-3.503387993724987014e-05,2.696482189094384084e+05
6.097950790158033207e-01,-3.522137881246182039e-05,2.696475596799703781e+05
6.105601920384078340e-01,-3.538766310651174238e-05,2.696469182987470995e+05
6.113253050610123474e-01,-3.553043699109341712e-05,2.696462941566772060e+05
6.120904180836168607e-01,-3.564740463790063238e-05,2.696456834274447756e+05
6.128555311062213740e-01,-3.573627021862717593e-05,2.696450892347674817e+05
6.136206441288258873e-01,-3.579473790496684910e-05,2.696445147412096267e+05
6.143857571514304006e-01,-3.582051186861345322e-05,2.696439629080002778e+05
6.151508701740349139e-01,-3.581129628126075574e-05,2.696434364950331510e+05
6.159159831966394272e-01,-3.576479531460256475e-05,2.696429380608666688e+05
6.166810962192439405e-01,-3.567871314033266804e-05,2.696424699627240188e+05
6.174462092418484538e-01,-3.555075393014484660e-05,2.696420343564929208e+05
6.182113222644529671e-01,-3.537862185573292209e-05,2.696416331967259175e+05
6.189764352870574804e-01,-3.516002108879064841e-05,2.696412682366402587e+05
6.197415483096619937e-01,-3.489350369468863250e-05,2.696409236920574913e+05
6.205066613322665070e-01,-3.458145925621489863e-05,2.696405805705755483e+05
6.212717743548710203e-01,-3.422736250083411506e-05,2.696402399894976988e+05
6.220368873774755336e-01,-3.383468822296283978e-05,2.696399028967000777e+05
6.228020004000800469e-01,-3.340691121701758334e-05,2.696395700387231773e+05
6.235671134226845602e-01,-3.294750627741489693e-05,2.696392419607724296e+05
6.243322264452890735e-01,-3.245994819857131821e-05,2.696389190067179152e+05
6.250973394678935868e-01,-3.194771177490336451e-05,2.696386013190943631e+05
6.258624524904981001e-01,-3.141427180082759381e-05,2.696382888391012675e+05
6.266275655131026134e-01,-3.086310307076053699e-05,2.696379813066026545e+05
6.273926785357071267e-01,-3.029768037911871815e-05,2.696376782601274317e+05
6.281577915583116400e-01,-2.972147852031868510e-05,2.696373790368690388e+05
6.289229045809161533e-01,-2.913797228877695856e-05,2.696370827726858552e+05
6.296880176035206667e-01,-2.855063647891009312e-05,2.696367884021006175e+05
6.304531306261251800e-01,-2.796294588513461627e-05,2.696364946583010606e+05
6.312182436487296933e-01,-2.737837530186706229e-05,2.696362000731393928e+05
6.319833566713342066e-01,-2.680039952352397220e-05,2.696359029771326459e+05
6.327484696939387199e-01,-2.623249334452186672e-05,2.696356014994625002e+05
6.335135827165436773e-01,-2.567813155927698535e-05,2.696352935679752845e+05
6.342786957391481906e-01,-2.514078896220649933e-05,2.696349769091822091e+05
6.350438087617527039e-01,-2.462394034772662105e-05,2.696346490482588415e+05
6.358089217843572172e-01,-2.413106051025387799e-05,2.696343073090458056e+05
6.365740348069617305e-01,-2.366562424420481797e-05,2.696339488140482572e+05
6.373391478295662438e-01,-2.323110634399596849e-05,2.696335704844359425e+05
6.381042608521707571e-01,-2.283098160404386381e-05,2.696331690400434309e+05
6.388693738747752704e-01,-2.246872481876504836e-05,2.696327409993699985e+05
6.396344868973797837e-01,-2.214781078257604962e-05,2.696322826795795118e+05
6.403995999199842970e-01,-2.187171428989340865e-05,2.696317901965006604e+05
6.411647129425888103e-01,-2.164391013513365631e-05,2.696312594646266662e+05
6.419298259651933236e-01,-2.146787311271334043e-05,2.696306861971155740e+05
6.426949389877978369e-01,-2.134707801704898510e-05,2.696300715345760691e+05
6.434600520104023502e-01,-2.128499964255712459e-05,2.696294177585816360e+05
6.442251650330068635e-01,-2.128511278365430672e-05,2.696287206262319232e+05
6.449902780556113768e-01,-2.135089223475705560e-05,2.696279762745220796e+05
6.457553910782158901e-01,-2.148558815362371977e-05,2.696271889385351096e+05
6.465205041008204034e-01,-2.168868308897412095e-05,2.696263906417805119e+05
6.472856171234249167e-01,-2.195653628297574794e-05,2.696255830288595753e+05
6.480507301460294300e-01,-2.228541262416498694e-05,2.696247638205016847e+05
6.488158431686339433e-01,-2.267157700107821059e-05,2.696239311333695077e+05
6.495809561912384567e-01,-2.311129430225178816e-05,2.696230834800593439e+05
6.503460692138429700e-01,-2.360082941622210922e-05,2.696222197691008914e+05
6.511111822364474833e-01,-2.413644723152554304e-05,2.696213393049574806e+05
6.518762952590519966e-01,-2.471441263669845549e-05,2.696204417880257824e+05
6.526414082816565099e-01,-2.533099052027723954e-05,2.696195273146360996e+05
6.534065213042610232e-01,-2.598244577079825428e-05,2.696185963770520175e+05
6.541716343268655365e-01,-2.666504327679789269e-05,2.696176498634706950e+05
6.549367473494700498e-01,-2.737504792681252065e-05,2.696166890580228646e+05
6.557018603720745631e-01,-2.810872460937851417e-05,2.696157156407726579e+05
6.564669733946790764e-01,-2.886233821303225608e-05,2.696147316877176636e+05
6.572320864172835897e-01,-2.963215362631010886e-05,2.696137396710941684e+05
6.579971994398881030e-01,-3.041443573774846209e-05,2.696127419514587964e+05
6.587623124624926163e-01,-3.120544943588368842e-05,2.696117392811246682e+05
6.595274254850971296e-01,-3.200145960925215372e-05,2.696107322228242992e+05
6.602925385077016429e-01,-3.279873114639024419e-05,2.696097215963435592e+05
6.610576515303061562e-01,-3.359352893583433586e-05,2.696087084785215557e+05
6.618227645529106695e-01,-3.438211786612079798e-05,2.696076942032505176e+05
6.625878775755151828e-01,-3.516076282578601338e-05,2.696066803614760865e+05
6.633529905981196961e-01,-3.592572870336635808e-05,2.696056688011971419e+05
6.641181036207242094e-01,-3.667328038739820813e-05,2.696046616274658008e+05
6.648832166433287227e-01,-3.739968276641792599e-05,2.696036612023874768e+05
6.656483296659332360e-01,-3.810120072896190126e-05,2.696026701451207628e+05
6.664134426885377493e-01,-3.877409916356650997e-05,2.696016913318777224e+05
6.671785557111422627e-01,-3.941464295876812138e-05,2.696007278959234245e+05
6.679436687337467760e-01,-4.001909700310311152e-05,2.695997832275764085e+05
6.687087817563512893e-01,-4.058372618510786998e-05,2.695988609742084518e+05
6.694738947789558026e-01,-4.110479539331875925e-05,2.695979650402443367e+05
6.702390078015603159e-01,-4.157856951627215535e-05,2.695970995871625491e+05
6.710041208241648292e-01,-4.200156324946988508e-05,2.695962609961411217e+05
6.717692338467693425e-01,-4.237389434685055381e-05,2.695954219897440635e+05
6.725343468693738558e-01,-4.269838684085093425e-05,2.695945838838398340e+05
6.732994598919783691e-01,-4.297793059663145736e-05,2.695937415447334643e+05
6.740645729145828824e-01,-4.321541547935257448e-05,2.695928935168083990e+05
6.748296859371873957e-01,-4.341373135417474368e-05,2.695920424570441246e+05
6.755947989597919090e-01,-4.357576808625840951e-05,2.695911907027911511e+05
6.763599119823964223e-01,-4.370441554076403683e-05,2.695903402717708959e+05
6.771250250050009356e-01,-4.380256358285206341e-05,2.695894928620758001e+05
6.778901380276058930e-01,-4.387310207768298123e-05,2.695886498521692120e+05
6.786552510502104063e-01,-4.391892089041716027e-05,2.695878123008856783e+05
6.794203640728149196e-01,-4.394290988621508574e-05,2.695869809474306530e+05
6.801854770954194329e-01,-4.394795893023724283e-05,2.695861562113803229e+05
6.809505901180239462e-01,-4.393695788764406254e-05,2.695853381926821894e+05
6.817157031406284595e-01,-4.391279662359600294e-05,2.695845266716546612e+05
6.824808161632329728e-01,-4.387836500325349503e-05,2.695837211089869961e+05
6.832459291858374861e-01,-4.383655289177702401e-05,2.695829206457396504e+05
6.840110422084419994e-01,-4.379025015432700730e-05,2.695821241033439292e+05
6.847761552310465127e-01,-4.374234665606393011e-05,2.695813299836021615e+05
6.855412682536510260e-01,-4.369573226214822342e-05,2.695805364686875837e+05
6.863063812762555393e-01,-4.365329683774033176e-05,2.695797414211445721e+05
6.870714942988600527e-01,-4.361793024800072680e-05,2.695789423838884104e+05
6.878366073214645660e-01,-4.359252235808984627e-05,2.695781365802053479e+05
6.886017203440690793e-01,-4.357996303316815506e-05,2.695773209137527156e+05
6.893668333666735926e-01,-4.358314213839608415e-05,2.695764919685586938e+05
6.901319463892781059e-01,-4.360494953893411196e-05,2.695756460090226028e+05
6.908970594118826192e-01,-4.364827509994266948e-05,2.695747789799146121e+05
6.916621724344871325e-01,-4.371600868658221479e-05,2.695738865063760313e+05
6.924272854570916458e-01,-4.381104016401319922e-05,2.695729646049042349e+05
6.931923984796961591e-01,-4.393625939739607408e-05,2.695720171248468687e+05
6.939575115023006724e-01,-4.409455625189129745e-05,2.695710438575812732e+05
6.947226245249051857e-01,-4.428882059265930711e-05,2.695700427649768535e+05
6.954877375475096990e-01,-4.452194228486057470e-05,2.695690120427141665e+05
6.962528505701142123e-01,-4.479681119365552442e-05,2.695679501202843967e+05
6.970179635927187256e-01,-4.511630625935887629e-05,2.695668567530809669e+05
6.977830766153232389e-01,-4.548087170916478346e-05,2.695657681842405000e+05
6.985481896379277522e-01,-4.588546014856844421e-05,2.695647018930497579e+05
6.993133026605322655e-01,-4.632427182800238728e-05,2.695636572442434262e+05
7.000784156831367788e-01,-4.679150699789912110e-05,2.695626338363672839e+05
7.008435287057412921e-01,-4.728136590869115406e-05,2.695616315017777961e+05
7.016086417283458054e-01,-4.778804881081100136e-05,2.695606503066425212e+05
7.023737547509503187e-01,-4.830575595469117819e-05,2.695596905509395874e+05
7.031388677735548320e-01,-4.882868759076419972e-05,2.695587527684581582e+05
7.039039807961593453e-01,-4.935104396946258794e-05,2.695578377267984906e+05
7.046690938187638586e-01,-4.986702534121884446e-05,2.695569464273714111e+05
7.054342068413683720e-01,-5.037083195646548448e-05,2.695560801053987234e+05
7.061993198639728853e-01,-5.085666406563502996e-05,2.695552402299130918e+05
7.069644328865773986e-01,-5.131872191915998931e-05,2.695544285037582740e+05
7.077295459091819119e-01,-5.175120576747286417e-05,2.695536468635885394e+05
7.084946589317864252e-01,-5.214831586100619005e-05,2.695528974798693671e+05
7.092597719543909385e-01,-5.250425245019246860e-05,2.695521827568769222e+05
7.100248849769954518e-01,-5.281321578546421499e-05,2.695515053326983470e+05
7.107899979995999651e-01,-5.306940611725395119e-05,2.695508680792315281e+05
7.115551110222044784e-01,-5.326702369599417206e-05,2.695502741021855036e+05
7.123202240448089917e-01,-5.340026877211741311e-05,2.695497267410798813e+05
7.130853370674135050e-01,-5.346334159605616921e-05,2.695492295692453627e+05
7.138504500900180183e-01,-5.345044241824297587e-05,2.695487863938234514e+05
7.146155631126225316e-01,-5.335577148911030762e-05,2.695483965794697870e+05
7.153806761352270449e-01,-5.317352905909074063e-05,2.695480497926997487e+05
7.161457891578315582e-01,-5.289791537861672233e-05,2.695477577295225929e+05
7.169109021804360715e-01,-5.252313069812082212e-05,2.695475332586071454e+05
7.176760152030405848e-01,-5.204337526803550098e-05,2.695473881116822013e+05
7.184411282256450981e-01,-5.145284933879332829e-05,2.695473328835365828e+05
7.192062412482496114e-01,-5.074575316082677860e-05,2.695473770320189069e+05
7.199713542708541247e-01,-4.991628698456836708e-05,2.695475288780378178e+05
7.207364672934586380e-01,-4.895865106045062926e-05,2.695477956055617542e+05
7.215015803160631513e-01,-4.786704563890605999e-05,2.695481832616191823e+05
7.222666933386676646e-01,-4.663567097036718125e-05,2.695486967562985956e+05
7.230318063612726220e-01,-4.525872730526566795e-05,2.695493398627482820e+05
7.237969193838771353e-01,-4.373250202454100489e-05,2.695500629526600242e+05
7.245620324064816486e-01,-4.206958349454916618e-05,2.695507532709624502e+05
7.253271454290861620e-01,-4.029022357806190272e-05,2.695514071611946565e+05
7.260922584516906753e-01,-3.841471864010187590e-05,2.695520238487449242e+05
7.268573714742951886e-01,-3.646336504569176067e-05,2.695526014220610377e+05
7.276224844968997019e-01,-3.445645915985424555e-05,2.695531368326509255e+05
7.283875975195042152e-01,-3.241429734761198516e-05,2.695536258950824267e+05
7.291527105421087285e-01,-3.035717597398767138e-05,2.695540632869833498e+05
7.299178235647132418e-01,-2.830539140400397917e-05,2.695544425490414142e+05
7.306829365873177551e-01,-2.627924000268356993e-05,2.695547560850040754e+05
7.314480496099222684e-01,-2.429901813504913556e-05,2.695549951616790495e+05
7.322131626325267817e-01,-2.238502216612333744e-05,2.695551499089337303e+05
7.329782756551312950e-01,-2.055754846092886409e-05,2.695552093196955975e+05
7.337433886777358083e-01,-1.883689338448838030e-05,2.695551612499518669e+05
7.345085017003403216e-01,-1.724335330182455762e-05,2.695549924187498982e+05
7.352736147229448349e-01,-1.579722457796008795e-05,2.695546884137235465e+05
7.360387277455493482e-01,-1.451880357791762930e-05,2.695542637457712553e+05
7.368038407681538615e-01,-1.342838666671986679e-05,2.695537214843857801e+05
7.375689537907583748e-01,-1.254627020938946859e-05,2.695530331985518569e+05
7.383340668133628881e-01,-1.189275057094911644e-05,2.695521724775968469e+05
7.390991798359674014e-01,-1.148812411642148189e-05,2.695511149311904446e+05
7.398642928585719147e-01,-1.135268721082925345e-05,2.695498381893450278e+05
7.406294058811764280e-01,-1.150673621919507219e-05,2.695483219024153659e+05
7.413945189037809413e-01,-1.197056750654165372e-05,2.695465477410988533e+05
7.421596319263854546e-01,-1.276447743789164589e-05,2.695444993964351597e+05
7.429247449489899680e-01,-1.390876237826773720e-05,2.695421625798067544e+05
7.436898579715944813e-01,-1.542371869269259583e-05,2.695395250229382655e+05
7.444549709941989946e-01,-1.732964274618888995e-05,2.695365764778971788e+05
7.452200840168035079e-01,-1.964683090377933517e-05,2.695333087170931976e+05
7.459851970394080212e-01,-2.239557953048655224e-05,2.695297155332787079e+05
7.467503100620125345e-01,-2.558222089264740467e-05,2.695260952544749598e+05
7.475154230846170478e-01,-2.913869339434420853e-05,2.695228786398409284e+05
7.482805361072215611e-01,-3.297226001690759076e-05,2.695200688793461304e+05
7.490456491298260744e-01,-3.699016756947879036e-05,2.695176678471130435e+05
7.498107621524305877e-01,-4.109966286119898200e-05,2.695156794376063044e+05
7.505758751750351010e-01,-4.520799270120940468e-05,2.695141095656334655e+05
7.513409881976396143e-01,-4.922240389865123645e-05,2.695129661663442967e+05
7.521061012202441276e-01,-5.305014326266571634e-05,2.695122591952310759e+05
7.528712142428486409e-01,-5.659845760239403593e-05,2.695120006281288224e+05
7.536363272654531542e-01,-5.977459372697740037e-05,2.695122044612147729e+05
7.544014402880576675e-01,-6.248579844555702156e-05,2.695128949946300709e+05
7.551665533106621808e-01,-6.463931856727411144e-05,2.695141515809867415e+05
7.559316663332666941e-01,-6.614240090126990903e-05,2.695160305066271103e+05
7.566967793558712074e-01,-6.690229225668557203e-05,2.695185829862246756e+05
7.574618923784757207e-01,-6.682623944266231236e-05,2.695218625407172949e+05
7.582270054010802340e-01,-6.582148926834138259e-05,2.695259249973072438e+05
7.589921184236847473e-01,-6.379528854286392690e-05,2.695308284894612734e+05
7.597572314462892606e-01,-6.065488407537123850e-05,2.695366334569105529e+05
7.605223444688937739e-01,-5.630752267500444799e-05,2.695434026456507854e+05
7.612874574914982873e-01,-5.066045115090479442e-05,2.695512011079419754e+05
7.620525705141028006e-01,-4.362091631221354389e-05,2.695600962023086613e+05
7.628176835367073139e-01,-3.509616496807178637e-05,2.695701575935399742e+05
7.635827965593118272e-01,-2.499344392762085573e-05,2.695814572526890552e+05
7.643479095819163405e-01,-1.322000000000182838e-05,2.695940694570740452e+05
