time_min,original_TskMean,original_TskHead,original_TskChest,original_TskLFoot,original_TcrChest,embedded_TskMean,embedded_TskHead,embedded_TskChest,embedded_TskLFoot,embedded_TcrChest,coupled_zero_flux_TskMean,coupled_zero_flux_TskHead,coupled_zero_flux_TskChest,coupled_zero_flux_TskLFoot,coupled_zero_flux_TcrChest
0.0,34.5863370563138,35.04856096123076,34.73358934120301,34.24074245982154,36.87354378221181,34.5863370563138,35.04856096123076,34.73358934120301,34.24074245982154,36.87354378221181,34.5863370563138,35.04856096123076,34.73358934120301,34.24074245982154,36.87354378221181
1.0,34.693003420002576,35.051092949241834,34.881251809965725,34.49288915910611,36.86890461985806,34.693003420002576,35.051092949241834,34.881251809965725,34.49288915910611,36.86890461985806,34.693003420002576,35.051092949241834,34.881251809965725,34.49288915910611,36.86890461985806
2.0,34.77380753482127,35.04812017893395,34.999893206285506,34.68855955790444,36.86361456322401,34.77380753482127,35.04812017893395,34.999893206285506,34.68855955790444,36.86361456322401,34.77380753482127,35.04812017893395,34.999893206285506,34.68855955790444,36.86361456322401
3.0,34.83917899766145,35.044850839255346,35.10027199514143,34.84309531822883,36.85860284282435,34.83917899766145,35.044850839255346,35.10027199514143,34.84309531822883,36.85860284282435,34.83917899766145,35.044850839255346,35.10027199514143,34.84309531822883,36.85860284282435
4.0,34.894997873568656,35.043436208769826,35.18778646471463,34.971753426302435,36.85416618546555,34.894997873568656,35.043436208769826,35.18778646471463,34.971753426302435,36.85416618546555,34.894997873568656,35.043436208769826,35.18778646471463,34.971753426302435,36.85416618546555
5.0,34.94310035497854,35.042876726726085,35.263889369279894,35.082045645474544,36.85038158755478,34.94310035497854,35.042876726726085,35.263889369279894,35.082045645474544,36.85038158755478,34.94310035497854,35.042876726726085,35.263889369279894,35.082045645474544,36.85038158755478
6.0,34.98444105057467,35.04243739023257,35.329308354056515,35.17801359395618,36.847240351977206,34.98444105057467,35.04243739023257,35.329308354056515,35.17801359395618,36.847240351977206,34.98444105057467,35.04243739023257,35.329308354056515,35.17801359395618,36.847240351977206
7.0,35.01972398200536,35.041711231954174,35.38469945960588,35.26206982986536,36.844696998198756,35.01972398200536,35.041711231954174,35.38469945960588,35.26206982986536,36.844696998198756,35.01972398200536,35.041711231954174,35.38469945960588,35.26206982986536,36.844696998198756
8.0,35.04958901519852,35.04051767880364,35.43081408925189,35.33586163218605,36.84269052321548,35.04958901519852,35.04051767880364,35.43081408925189,35.33586163218605,36.84269052321548,35.04958901519852,35.04051767880364,35.43081408925189,35.33586163218605,36.84269052321548
9.0,35.07465495663525,35.038810796443315,35.46850623235206,35.40065807798117,36.84115505540505,35.07465495663525,35.038810796443315,35.46850623235206,35.40065807798117,36.84115505540505,35.07465495663525,35.038810796443315,35.46850623235206,35.40065807798117,36.84115505540505
10.0,35.095518963926565,35.03661828468505,35.498692488792535,35.45751967544607,36.84002560720744,35.095518963926565,35.03661828468505,35.498692488792535,35.45751967544607,36.84002560720744,35.095518963926565,35.03661828468505,35.498692488792535,35.45751967544607,36.84002560720744
11.0,35.11274554077248,35.034004221555456,35.52230498061154,35.507371886987876,36.83924120446174,35.11274554077248,35.034004221555456,35.52230498061154,35.507371886987876,36.83924120446174,35.11274554077248,35.034004221555456,35.52230498061154,35.507371886987876,36.83924120446174
12.0,35.126856061193386,35.031047102075206,35.540251134345255,35.55103749828225,36.83874647728822,35.126856061193386,35.031047102075206,35.540251134345255,35.55103749828225,36.83874647728822,35.126856061193386,35.031047102075206,35.540251134345255,35.55103749828225,36.83874647728822
13.0,35.13832189358352,35.027827257986594,35.553384212916285,35.58925208995623,36.838492307748766,35.13832189358352,35.027827257986594,35.553384212916285,35.58925208995623,36.838492307748766,35.13832189358352,35.027827257986594,35.553384212916285,35.58925208995623,36.838492307748766
14.0,35.14756137712469,35.0244199706066,35.56248444458733,35.62267298805769,36.838435894447755,35.14756137712469,35.0244199706066,35.56248444458733,35.62267298805769,36.838435894447755,35.14756137712469,35.0244199706066,35.56248444458733,35.62267298805769,36.838435894447755
15.0,35.154939969288655,35.02089203762549,35.56824909021099,35.651885927265475,36.838540465509716,35.154939969288655,35.02089203762549,35.56824909021099,35.651885927265475,36.838540465509716,35.154939969288655,35.02089203762549,35.56824909021099,35.651885927265475,36.838540465509716
16.0,35.160772675914885,35.0173004277689,35.57128939451109,35.67741101502428,36.838774793235714,35.160772675914885,35.0173004277689,35.57128939451109,35.67741101502428,36.838774793235714,35.160772675914885,35.0173004277689,35.57128939451109,35.67741101502428,36.838774793235714
17.0,35.16532794221392,35.013692176422765,35.57213246083257,35.69970849117843,36.83911261267926,35.16532794221392,35.013692176422765,35.57213246083257,35.69970849117843,36.83911261267926,35.16532794221392,35.013692176422765,35.57213246083257,35.69970849117843,36.83911261267926
18.0,35.16883233882069,35.01010498859685,35.571226378806415,35.71918435842904,36.83953201143945,35.16883233882069,35.01010498859685,35.571226378806415,35.71918435842904,36.83953201143945,35.16883233882069,35.01010498859685,35.571226378806415,35.71918435842904,36.83953201143945
19.0,35.17147554501563,35.006568209926165,35.56894727823995,35.73619582330807,36.84001483351964,35.17147554501563,35.006568209926165,35.56894727823995,35.73619582330807,36.84001483351964,35.17147554501563,35.006568209926165,35.56894727823995,35.73619582330807,36.84001483351964
20.0,35.17341528119123,35.003103950631704,35.565607312135164,35.75105646424836,36.84054612292663,35.17341528119123,35.003103950631704,35.565607312135164,35.75105646424836,36.84054612292663,35.17341528119123,35.003103950631704,35.565607312135164,35.75105646424836,36.84054612292663
21.0,35.174781964841685,34.99972822877246,35.561462857458366,35.76404105959851,36.84111362074985,35.174781964841685,34.99972822877246,35.561462857458366,35.76404105959851,36.84111362074985,35.174781964841685,34.99972822877246,35.561462857458366,35.76404105959851,36.84111362074985
22.0,35.175682958150624,34.99645205327063,35.556722454812906,35.775390034126076,36.84170732134869,35.175682958150624,34.99645205327063,35.556722454812906,35.775390034126076,36.84170732134869,35.175682958150624,34.99645205327063,35.556722454812906,35.775390034126076,36.84170732134869
23.0,35.176206343788415,34.993282403304896,35.551554188577775,35.785313506407654,36.8423190879589,35.176206343788415,34.993282403304896,35.551554188577775,35.785313506407654,36.8423190879589,35.176206343788415,34.993282403304896,35.551554188577775,35.785313506407654,36.8423190879589
24.0,35.176603435376705,34.990522120015584,35.5462501269237,35.7941050992425,36.84293235436018,35.176603435376705,34.990522120015584,35.5462501269237,35.7941050992425,36.84293235436018,35.176603435376705,34.990522120015584,35.5462501269237,35.7941050992425,36.84293235436018
25.0,35.17708326001176,34.98838187130598,35.54106517287144,35.802004621710374,36.84352604294029,35.17708326001176,34.98838187130598,35.54106517287144,35.802004621710374,36.84352604294029,35.17708326001176,34.98838187130598,35.54106517287144,35.802004621710374,36.84352604294029
26.0,35.17759756119567,34.98664267067512,35.53603177607905,35.80907319060162,36.84409089368633,35.17759756119567,34.98664267067512,35.53603177607905,35.80907319060162,36.84409089368633,35.17759756119567,34.98664267067512,35.53603177607905,35.80907319060162,36.84409089368633
27.0,35.17813071383342,34.985201985585945,35.53119550356663,35.81539073936308,36.84462514327791,35.17813071383342,34.985201985585945,35.53119550356663,35.81539073936308,36.84462514327791,35.17813071383342,34.985201985585945,35.53119550356663,35.81539073936308,36.84462514327791
28.0,35.17867552216804,34.98400118631495,35.52658820392746,35.821040055225,36.84513045049026,35.17867552216804,34.98400118631495,35.52658820392746,35.821040055225,36.84513045049026,35.17867552216804,34.98400118631495,35.52658820392746,35.821040055225,36.84513045049026
29.0,35.17922583572333,34.98300086224756,35.52222270306408,35.82609942022109,36.845609625389045,35.17922583572333,34.98300086224756,35.52222270306408,35.82609942022109,36.845609625389045,35.17922583572333,34.98300086224756,35.52222270306408,35.82609942022109,36.845609625389045
30.0,35.179775195640424,34.982171373471296,35.518096294222374,35.83063975672857,36.84606554768637,35.179775195640424,34.982171373471296,35.518096294222374,35.83063975672857,36.84606554768637,35.179775195640424,34.982171373471296,35.518096294222374,35.83063975672857,36.84606554768637
31.0,34.855546129974165,34.51792590428147,35.281583436413456,35.67080053246988,36.84086225543448,34.855546129974165,34.51792590428147,35.281583436413456,35.67080053246988,36.84086225543448,34.855546129974165,34.51792590428147,35.281583436413456,35.67080053246988,36.84086225543448
32.0,34.63147390596041,34.24285230904114,35.111590445335565,35.566556115188384,36.83379484670956,34.63147390596041,34.24285230904114,35.111590445335565,35.566556115188384,36.83379484670956,34.63147390596041,34.24285230904114,35.111590445335565,35.566556115188384,36.83379484670956
33.0,34.45029491661238,34.0361220553613,34.960535292155555,35.47328401097994,36.82529270079233,34.45029491661238,34.0361220553613,34.960535292155555,35.47328401097994,36.82529270079233,34.45029491661238,34.0361220553613,34.960535292155555,35.47328401097994,36.82529270079233
34.0,34.29239922364055,33.860593700200674,34.8161933152144,35.37510228230804,36.81612278011393,34.29239922364055,33.860593700200674,34.8161933152144,35.37510228230804,36.81612278011393,34.29239922364055,33.860593700200674,34.8161933152144,35.37510228230804,36.81612278011393
35.0,34.154039564617925,33.70584194585331,34.679892709142386,35.27744443476317,36.8066244201335,34.154039564617925,33.70584194585331,34.679892709142386,35.27744443476317,36.8066244201335,34.154039564617925,33.70584194585331,34.679892709142386,35.27744443476317,36.8066244201335
36.0,34.031924660866885,33.56690030745707,34.55216598050338,35.18155469863207,36.79694037269138,34.031924660866885,33.56690030745707,34.55216598050338,35.18155469863207,36.79694037269138,34.031924660866885,33.56690030745707,34.55216598050338,35.18155469863207,36.79694037269138
37.0,33.92334572772011,33.4411123342601,34.433044748501985,35.08741259730039,36.78715119789644,33.92334572772011,33.4411123342601,34.433044748501985,35.08741259730039,36.78715119789644,33.92334572772011,33.4411123342601,34.433044748501985,35.08741259730039,36.78715119789644
38.0,33.82517505671596,33.326884459474584,34.32232333369184,34.99470089342571,36.77743396072614,33.82517505671596,33.326884459474584,34.32232333369184,34.99470089342571,36.77743396072614,33.82517505671596,33.326884459474584,34.32232333369184,34.99470089342571,36.77743396072614
39.0,33.73548087935169,33.22298395436364,34.21952571406424,34.90298353719494,36.76790964374366,33.73548087935169,33.22298395436364,34.21952571406424,34.90298353719494,36.76790964374366,33.73548087935169,33.22298395436364,34.21952571406424,34.90298353719494,36.76790964374366
40.0,33.65301731766319,33.1284350182595,34.12412046763755,34.81191326954428,36.758637304384365,33.65301731766319,33.1284350182595,34.12412046763755,34.81191326954428,36.758637304384365,33.65301731766319,33.1284350182595,34.12412046763755,34.81191326954428,36.758637304384365
41.0,33.57679819488812,33.042431694602044,34.035593945524916,34.7212387370135,36.74965018584464,33.57679819488812,33.042431694602044,34.035593945524916,34.7212387370135,36.74965018584464,33.57679819488812,33.042431694602044,34.035593945524916,34.7212387370135,36.74965018584464
42.0,33.50602241304755,32.964264491561885,33.9534539023898,34.630765367636464,36.740968512664,33.50602241304755,32.964264491561885,33.9534539023898,34.630765367636464,36.740968512664,33.50602241304755,32.964264491561885,33.9534539023898,34.630765367636464,36.740968512664
43.0,33.44003049760273,32.89328855603926,33.87723228354206,34.54033467996447,36.732604175266424,33.44003049760273,32.89328855603926,33.87723228354206,34.54033467996447,36.732604175266424,33.44003049760273,32.89328855603926,33.87723228354206,34.54033467996447,36.732604175266424
44.0,33.37827332094059,32.82890960778347,33.80648743377429,34.44981307926468,36.72456304626567,33.37827332094059,32.82890960778347,33.80648743377429,34.44981307926468,36.72456304626567,33.37827332094059,32.82890960778347,33.80648743377429,34.44981307926468,36.72456304626567
45.0,33.32029006740233,32.77058786065097,33.74080549378609,34.35908541973442,36.71684803893045,33.32029006740233,32.77058786065097,33.74080549378609,34.35908541973442,36.71684803893045,33.32029006740233,32.77058786065097,33.74080549378609,34.35908541973442,36.71684803893045
46.0,33.26568968701497,32.7178207993793,33.679800539473234,34.26805158007325,36.709457841419464,33.26568968701497,32.7178207993793,33.679800539473234,34.26805158007325,36.709457841419464,33.26568968701497,32.7178207993793,33.679800539473234,34.26805158007325,36.709457841419464
47.0,33.214137072740044,32.67013853280048,33.62311401508992,34.17662258345992,36.70238827019642,33.214137072740044,32.67013853280048,33.62311401508992,34.17662258345992,36.70238827019642,33.214137072740044,32.67013853280048,33.62311401508992,34.17662258345992,36.70238827019642
48.0,33.165344048523096,32.62711484447712,33.57041392731128,34.08471859346774,36.6956348316719,33.165344048523096,32.62711484447712,33.57041392731128,34.08471859346774,36.6956348316719,33.165344048523096,32.62711484447712,33.57041392731128,34.08471859346774,36.6956348316719
49.0,33.11906072900555,32.58835591153274,33.52139352202352,33.992268369913546,36.68919105713394,33.11906072900555,32.58835591153274,33.52139352202352,33.992268369913546,36.68919105713394,33.11906072900555,32.58835591153274,33.52139352202352,33.992268369913546,36.68919105713394
50.0,33.07506842765924,32.55349245249176,33.475769736622475,33.89920744162133,36.68304872556538,33.07506842765924,32.55349245249176,33.475769736622475,33.89920744162133,36.68304872556538,33.07506842765924,32.55349245249176,33.475769736622475,33.89920744162133,36.68304872556538
51.0,33.03317461744801,32.52218009783265,33.43328162598927,33.80547671243709,36.67719872015931,33.03317461744801,32.52218009783265,33.43328162598927,33.80547671243709,36.67719872015931,33.03317461744801,32.52218009783265,33.43328162598927,33.80547671243709,36.67719872015931
52.0,32.99320898752681,32.49409959741128,33.393688802090274,33.711021717933136,36.67163128729926,32.99320898752681,32.49409959741128,33.393688802090274,33.711021717933136,36.67163128729926,32.99320898752681,32.49409959741128,33.393688802090274,33.711021717933136,36.67163128729926
53.0,32.95502021359711,32.46895621964348,33.3567699264167,33.61579201420174,36.6663362573667,32.95502021359711,32.46895621964348,33.3567699264167,33.61579201420174,36.6663362573667,32.95502021359711,32.46895621964348,33.3567699264167,33.61579201420174,36.6663362573667
54.0,32.918473288475084,32.44647866247447,33.3223212717333,33.51974065837385,36.661303223486094,32.918473288475084,32.44647866247447,33.3223212717333,33.51974065837385,36.661303223486094,32.918473288475084,32.44647866247447,33.3223212717333,33.51974065837385,36.661303223486094
55.0,32.883447302328,32.42641774279352,33.29015536253116,33.42282376187054,36.65652168267467,32.883447302328,32.42641774279352,33.29015536253116,33.42282376187054,36.65652168267467,32.883447302328,32.42641774279352,33.29015536253116,33.42282376187054,36.65652168267467
56.0,32.84983358570105,32.40854501035189,33.26009969892425,33.32500010202312,36.65198114606697,32.84983358570105,32.40854501035189,33.26009969892425,33.32500010202312,36.65198114606697,32.84983358570105,32.40854501035189,33.26009969892425,33.32500010202312,36.65198114606697
57.0,32.817534146585665,32.39265135887877,33.23199556539504,33.22623078122849,36.64767122449369,32.817534146585665,32.39265135887877,33.23199556539504,33.22623078122849,36.64767122449369,32.817534146585665,32.39265135887877,33.23199556539504,33.22623078122849,36.64767122449369
58.0,32.78646034715287,32.378545669962975,33.20569692345824,33.12647892547757,36.643581694592136,32.78646034715287,32.378545669962975,33.20569692345824,33.12647892547757,36.643581694592136,32.78646034715287,32.378545669962975,33.20569692345824,33.12647892547757,36.643581694592136
59.0,32.75653177706432,32.36605350730433,33.18106938573515,33.02570941600834,36.63970254952513,32.75653177706432,32.36605350730433,33.18106938573515,33.02570941600834,36.63970254952513,32.75653177706432,32.36605350730433,33.18106938573515,33.02570941600834,36.63970254952513
60.0,32.72767528907279,32.355015870169666,33.15798926791709,32.92388864919169,36.636024037478386,32.72767528907279,32.355015870169666,33.15798926791709,32.92388864919169,36.636024037478386,32.72767528907279,32.355015870169666,33.15798926791709,32.92388864919169,36.636024037478386
61.0,32.699840439372295,32.345287089460726,33.13634214603541,32.82121272265785,36.632534302788784,32.699840439372295,32.345287089460726,33.13634214603541,32.82121272265785,36.632534302788784,32.699840439372295,32.345287089460726,33.13634214603541,32.82121272265785,36.632534302788784
62.0,32.67316488994632,32.336722799410616,33.11601523162925,32.72069641185398,36.62919073561715,32.67316488994632,32.336722799410616,33.11601523162925,32.72069641185398,36.62919073561715,32.67316488994632,32.336722799410616,33.11601523162925,32.72069641185398,36.62919073561715
63.0,32.64755879716273,32.32919592592414,33.096905294906094,32.6223736177975,36.62596116188674,32.64755879716273,32.32919592592414,33.096905294906094,32.6223736177975,36.62596116188674,32.64755879716273,32.32919592592414,33.096905294906094,32.6223736177975,36.62596116188674
64.0,32.622934231164294,32.32259573708272,33.07891712651006,32.52618898230193,36.62282655856043,32.622934231164294,32.32259573708272,33.07891712651006,32.52618898230193,36.62282655856043,32.622934231164294,32.32259573708272,33.07891712651006,32.52618898230193,36.62282655856043
65.0,32.59921300036244,32.3168263607022,33.06196345333936,32.432088269445345,36.6197763091856,32.59921300036244,32.3168263607022,33.06196345333936,32.432088269445345,36.6197763091856,32.59921300036244,32.3168263607022,33.06196345333936,32.432088269445345,36.6197763091856
66.0,32.576325832649594,32.3118040136219,33.0459645022715,32.34001741438332,36.61680438172127,32.576325832649594,32.3118040136219,33.0459645022715,32.34001741438332,36.61680438172127,32.576325832649594,32.3118040136219,33.0459645022715,32.34001741438332,36.61680438172127
67.0,32.55421125667703,32.30745452169285,33.030847429832214,32.24992240976501,36.61390712443936,32.55421125667703,32.30745452169285,33.030847429832214,32.24992240976501,36.61390712443936,32.55421125667703,32.30745452169285,33.030847429832214,32.24992240976501,36.61390712443936
68.0,32.532814578031136,32.303711493240485,33.01654573029545,32.16174998666616,36.6110821123721,32.532814578031136,32.303711493240485,33.01654573029545,32.16174998666616,36.6110821123721,32.532814578031136,32.303711493240485,33.01654573029545,32.16174998666616,36.6110821123721
69.0,32.51208698926404,32.300515057848074,33.002998667984315,32.07544819009235,36.60832755913976,32.51208698926404,32.300515057848074,33.002998667984315,32.07544819009235,36.60832755913976,32.51208698926404,32.300515057848074,33.002998667984315,32.07544819009235,36.60832755913976
70.0,32.49198480981841,32.2978109943181,32.990150750879785,31.990966704873255,36.60564201550833,32.49198480981841,32.2978109943181,32.990150750879785,31.990966704873255,36.60564201550833,32.49198480981841,32.2978109943181,32.990150750879785,31.990966704873255,36.60564201550833
71.0,32.47246883935581,32.29555010002385,32.97795125003447,31.90825699106169,36.60302421167643,32.47246883935581,32.29555010002385,32.97795125003447,31.90825699106169,36.60302421167643,32.47246883935581,32.29555010002385,32.97795125003447,31.90825699106169,36.60302421167643
72.0,32.453503806103754,32.293687702678824,32.966353763812855,31.82727230445766,36.60047297249081,32.453503806103754,32.293687702678824,32.966353763812855,31.82727230445766,36.60047297249081,32.453503806103754,32.293687702678824,32.966353763812855,31.82727230445766,36.60047297249081
73.0,32.435057893867594,32.292183255435894,32.95531582379718,31.74796765586823,36.59798717063196,32.435057893867594,32.292183255435894,32.95531582379718,31.74796765586823,36.59798717063196,32.435057893867594,32.292183255435894,32.95531582379718,31.74796765586823,36.59798717063196
74.0,32.41710233427245,32.29099998263032,32.94479853853457,31.670299741231467,36.59556570024283,32.41710233427245,32.29099998263032,32.94479853853457,31.670299741231467,36.59556570024283,32.41710233427245,32.29099998263032,32.94479853853457,31.670299741231467,36.59556570024283
75.0,32.399611053484975,32.290104559143685,32.93476627131067,31.594226860317445,36.59320746197701,32.399611053484975,32.290104559143685,32.93476627131067,31.594226860317445,36.59320746197701,32.399611053484975,32.290104559143685,32.93476627131067,31.594226860317445,36.59320746197701
76.0,32.38256036483335,32.289466814980436,32.925186348417036,31.5197088332077,36.590911354660406,32.38256036483335,32.289466814980436,32.925186348417036,31.5197088332077,36.590911354660406,32.38256036483335,32.289466814980436,32.925186348417036,31.5197088332077,36.590911354660406
77.0,32.36592870041762,32.28905946107907,32.91602879474441,31.446706919038412,36.588676270907214,32.36592870041762,32.28905946107907,32.91602879474441,31.446706919038412,36.588676270907214,32.36592870041762,32.28905946107907,32.91602879474441,31.446706919038412,36.588676270907214
78.0,32.349696376080495,32.288857834490734,32.90726609390096,31.37518373898864,36.58650109515946,32.349696376080495,32.288857834490734,32.90726609390096,31.37518373898864,36.58650109515946,32.349696376080495,32.288857834490734,32.90726609390096,31.37518373898864,36.58650109515946
79.0,32.33384538509243,32.2888396619549,32.89887297038911,31.305103204210862,36.58438470323541,32.33384538509243,32.2888396619549,32.89887297038911,31.305103204210862,36.58438470323541,32.33384538509243,32.2888396619549,32.89887297038911,31.305103204210862,36.58438470323541
80.0,32.3183592166713,32.28898484120002,32.89082619166816,31.236430448771145,36.58232596282103,32.3183592166713,32.28898484120002,32.89082619166816,31.236430448771145,36.58232596282103,32.3183592166713,32.28898484120002,32.89082619166816,31.236430448771145,36.58232596282103
81.0,32.30322269606542,32.28927523933025,32.88310438818209,31.169131767377557,36.58032373454529,32.30322269606542,32.28927523933025,32.88310438818209,31.169131767377557,36.58032373454529,32.30322269606542,32.28927523933025,32.88310438818209,31.169131767377557,36.58032373454529
82.0,32.28842184341975,32.28969450759021,32.875687889648034,31.103174557558884,36.578376873404906,32.28842184341975,32.28969450759021,32.875687889648034,31.103174557558884,36.578376873404906,32.28842184341975,32.28969450759021,32.875687889648034,31.103174557558884,36.578376873404906
83.0,32.273943749045856,32.29022791170984,32.86855857608615,31.03852726592556,36.57648423038476,32.273943749045856,32.29022791170984,32.86855857608615,31.03852726592556,36.57648423038476,32.273943749045856,32.29022791170984,32.86855857608615,31.03852726592556,36.57648423038476
84.0,32.25977646304986,32.29086217695639,32.86169974223009,30.975159338153855,36.57464465417062,32.25977646304986,32.29086217695639,32.86169974223009,30.975159338153855,36.57464465417062,32.25977646304986,32.29086217695639,32.86169974223009,30.975159338153855,36.57464465417062
85.0,32.24590889755107,32.29158534696943,32.85509597409567,30.913041172359673,36.572856992885754,32.24590889755107,32.29158534696943,32.85509597409567,30.913041172359673,36.572856992885754,32.24590889755107,32.29158534696943,32.85509597409567,30.913041172359673,36.572856992885754
86.0,32.23233073995941,32.292386655431386,32.848733036605324,30.852144075560034,36.57112009580499,32.23233073995941,32.292386655431386,32.848733036605324,30.852144075560034,36.57112009580499,32.23233073995941,32.292386655431386,32.848733036605324,30.852144075560034,36.57112009580499
87.0,32.21903237598056,32.29325640962517,32.842597771271485,30.792440222951342,36.56943281501625,32.21903237598056,32.29325640962517,32.842597771271485,30.792440222951342,36.56943281501625,32.21903237598056,32.29325640962517,32.842597771271485,30.792440222951342,36.56943281501625
88.0,32.206004821188806,32.29418588494903,32.836678003035914,30.73390261976272,36.5677940070097,32.206004821188806,32.29418588494903,32.836678003035914,30.73390261976272,36.5677940070097,32.206004821188806,32.29418588494903,32.836678003035914,30.73390261976272,36.5677940070097
89.0,32.19323966015483,32.295167229490495,32.83096245544485,30.676505065468657,36.566202534182594,32.19323966015483,32.295167229490495,32.83096245544485,30.676505065468657,36.566202534182594,32.19323966015483,32.295167229490495,32.83096245544485,30.676505065468657,36.566202534182594
90.0,32.180728992243324,32.29619337780312,32.82544067341494,30.62022212016867,36.56465726625264,32.180728992243324,32.29619337780312,32.82544067341494,30.62022212016867,36.56465726625264,32.180728992243324,32.29619337780312,32.82544067341494,30.62022212016867,36.56465726625264
91.0,32.637551900835376,32.9310115488407,33.1169822136967,30.898746501459993,36.56998787777833,32.637551900835376,32.9310115488407,33.1169822136967,30.898746501459993,36.56998787777833,32.637551900835376,32.9310115488407,33.1169822136967,30.898746501459993,36.56998787777833
92.0,33.00003202488206,33.34124749431835,33.385433914211056,31.095919202566815,36.574574176383074,33.00003202488206,33.34124749431835,33.385433914211056,31.095919202566815,36.574574176383074,33.00003202488206,33.34124749431835,33.385433914211056,31.095919202566815,36.574574176383074
93.0,33.299619517865175,33.64593603071695,33.63189460598057,31.255934717356485,36.578462024473936,33.299619517865175,33.64593603071695,33.63189460598057,31.255934717356485,36.578462024473936,33.299619517865175,33.64593603071695,33.63189460598057,31.255934717356485,36.578462024473936
94.0,33.551480926810314,33.89013802282182,33.857713187519266,31.42253601637085,36.58166743757912,33.551480926810314,33.89013802282182,33.857713187519266,31.42253601637085,36.58166743757912,33.551480926810314,33.89013802282182,33.857713187519266,31.42253601637085,36.58166743757912
95.0,33.76695308950884,34.094100747635416,34.06429308746927,31.60872170833473,36.58428626007576,33.76695308950884,34.094100747635416,34.06429308746927,31.60872170833473,36.58428626007576,33.76695308950884,34.094100747635416,34.06429308746927,31.60872170833473,36.58428626007576
96.0,33.95383857479675,34.268356130668614,34.25302994541308,31.816077517054502,36.58645378064163,33.95383857479675,34.268356130668614,34.25302994541308,31.816077517054502,36.58645378064163,33.95383857479675,34.268356130668614,34.25302994541308,31.816077517054502,36.58645378064163
97.0,34.11776064816311,34.41913013453608,34.42526691375728,32.04130951444264,36.58829871118095,34.11776064816311,34.41913013453608,34.42526691375728,32.04130951444264,36.58829871118095,34.11776064816311,34.41913013453608,34.42526691375728,32.04130951444264,36.58829871118095
98.0,34.26293681097495,34.55055701137664,34.5822743525808,32.279649679620874,36.58992947154645,34.26293681097495,34.55055701137664,34.5822743525808,32.279649679620874,36.58992947154645,34.26293681097495,34.55055701137664,34.5822743525808,32.279649679620874,36.58992947154645
99.0,34.39263136131343,34.66571817639116,34.72524709171635,32.5264044481723,36.59145118596743,34.39263136131343,34.66571817639116,34.72524709171635,32.5264044481723,36.59145118596743,34.39263136131343,34.66571817639116,34.72524709171635,32.5264044481723,36.59145118596743
100.0,34.50942600418123,34.767044838002505,34.85530704935959,32.777551357720725,36.59294115446664,34.50942600418123,34.767044838002505,34.85530704935959,32.777551357720725,36.59294115446664,34.50942600418123,34.767044838002505,34.85530704935959,32.777551357720725,36.59294115446664
101.0,34.615400899110455,34.856524340897145,34.973509255417326,33.02988025794197,36.59445609228408,34.615400899110455,34.856524340897145,34.973509255417326,33.02988025794197,36.59445609228408,34.615400899110455,34.856524340897145,34.973509255417326,33.02988025794197,36.59445609228408
102.0,34.712250961924745,34.93573724708084,35.08084389987108,33.28095127003082,36.59600505964812,34.712250961924745,34.93573724708084,35.08084389987108,33.28095127003082,36.59600505964812,34.712250961924745,34.93573724708084,35.08084389987108,33.28095127003082,36.59600505964812
103.0,34.80119511235158,35.00599911027417,35.17825529142634,33.528996064695974,36.59761004433057,34.80119511235158,35.00599911027417,35.17825529142634,33.528996064695974,36.59761004433057,34.80119511235158,35.00599911027417,35.17825529142634,33.528996064695974,36.59761004433057
104.0,34.88321445176316,35.068406233155514,35.26661257371179,33.772751088526626,36.599284234817745,34.88321445176316,35.068406233155514,35.26661257371179,33.772751088526626,36.599284234817745,34.88321445176316,35.068406233155514,35.26661257371179,33.772751088526626,36.599284234817745
105.0,34.95905148464611,35.12373153782825,35.34633025624666,34.01013937839525,36.601024763290816,34.95905148464611,35.12373153782825,35.34633025624666,34.01013937839525,36.601024763290816,34.95905148464611,35.12373153782825,35.34633025624666,34.01013937839525,36.601024763290816
106.0,35.02531626601333,35.1711318438886,35.41390303458391,34.225055704312304,36.60313265983271,35.02531626601333,35.1711318438886,35.41390303458391,34.225055704312304,36.60313265983271,35.02531626601333,35.1711318438886,35.41390303458391,34.225055704312304,36.60313265983271
107.0,35.083795395629686,35.21244500500048,35.47131229372805,34.419913704267735,36.605733545796866,35.083795395629686,35.21244500500048,35.47131229372805,34.419913704267735,36.605733545796866,35.083795395629686,35.21244500500048,35.47131229372805,34.419913704267735,36.605733545796866
108.0,35.135846104891264,35.24886880667102,35.52022249063678,34.59680250199816,36.608886457519084,35.135846104891264,35.24886880667102,35.52022249063678,34.59680250199816,36.608886457519084,35.135846104891264,35.24886880667102,35.52022249063678,34.59680250199816,36.608886457519084
109.0,35.18251056037659,35.281246516656395,35.56203562931054,34.75740546691086,36.612582276570535,35.18251056037659,35.281246516656395,35.56203562931054,34.75740546691086,36.612582276570535,35.18251056037659,35.281246516656395,35.56203562931054,34.75740546691086,36.612582276570535
110.0,35.224610318374815,35.31020538081988,35.59793217089345,34.90314950737015,36.61678999809049,35.224610318374815,35.31020538081988,35.59793217089345,34.90314950737015,36.61678999809049,35.224610318374815,35.31020538081988,35.59793217089345,34.90314950737015,36.61678999809049
111.0,35.262807978697616,35.3362405271176,35.628904553352506,35.03530997225807,36.62147236314296,35.262807978697616,35.3362405271176,35.628904553352506,35.03530997225807,36.62147236314296,35.262807978697616,35.3362405271176,35.628904553352506,35.03530997225807,36.62147236314296
112.0,35.297647009210074,35.35975929312761,35.655785545212055,35.15506300700481,36.626590298886235,35.297647009210074,35.35975929312761,35.655785545212055,35.15506300700481,36.626590298886235,35.297647009210074,35.35975929312761,35.655785545212055,35.15506300700481,36.626590298886235
113.0,35.32957886551762,35.381105043094,35.679272592632074,35.26350765092752,36.63210523471764,35.32957886551762,35.381105043094,35.679272592632074,35.26350765092752,36.63210523471764,35.32957886551762,35.381105043094,35.679272592632074,35.26350765092752,36.63210523471764
114.0,35.35898238562873,35.40057107789882,35.69994875835247,35.36167374984025,36.637980337068576,35.35898238562873,35.40057107789882,35.69994875835247,35.36167374984025,36.637980337068576,35.35898238562873,35.40057107789882,35.69994875835247,35.36167374984025,36.637980337068576
115.0,35.38617817288145,35.41840969698309,35.71830067272094,35.45052412674229,36.644181137443994,35.38617817288145,35.41840969698309,35.71830067272094,35.45052412674229,36.644181137443994,35.38617817288145,35.41840969698309,35.71830067272094,35.45052412674229,36.644181137443994
116.0,35.41143953511677,35.43483873277183,35.734733858481874,35.53095502322332,36.65067580153346,35.41143953511677,35.43483873277183,35.734733858481874,35.53095502322332,36.65067580153346,35.41143953511677,35.43483873277183,35.734733858481874,35.53095502322332,36.65067580153346
117.0,35.43500095432962,35.450046629886835,35.749585761175155,35.60379654149766,36.65743518391035,35.43500095432962,35.450046629886835,35.749585761175155,35.60379654149766,36.65743518391035,35.43500095432962,35.450046629886835,35.749585761175155,35.60379654149766,36.65743518391035
118.0,35.45706473307743,35.46419658515578,35.76313679004981,35.66981371305094,36.6644327576723,35.45706473307743,35.46419658515578,35.76313679004981,35.66981371305094,36.6644327576723,35.45706473307743,35.46419658515578,35.76313679004981,35.66981371305094,36.6644327576723
119.0,35.47780627166324,35.47743003388049,35.77561964714093,35.72970831950071,36.67164448329936,35.47780627166324,35.47743003388049,35.77561964714093,35.72970831950071,36.67164448329936,35.47780627166324,35.47743003388049,35.77561964714093,35.72970831950071,36.67164448329936
120.0,35.49737832456141,35.48986975587913,35.78722720191568,35.78412139202543,36.67904870090114,35.49737832456141,35.48986975587913,35.78722720191568,35.78412139202543,36.67904870090114,35.49737832456141,35.48986975587913,35.78722720191568,35.78412139202543,36.67904870090114
