time,field,initial,final
1.0,Ux,1.0,1.07207e-07
2.0,Ux,0.285509,0.0164836
3.0,Ux,0.747709,0.0209313
4.0,Ux,0.49313,0.0129641
5.0,Ux,0.130579,0.0058304
6.0,Ux,0.698918,0.0245119
7.0,Ux,0.585869,0.0146524
8.0,Ux,0.296827,0.0105431
9.0,Ux,0.300898,0.00885188
10.0,Ux,0.340882,0.014181
11.0,Ux,0.345534,0.0103526
12.0,Ux,0.332779,0.019691
13.0,Ux,0.285975,0.0148331
14.0,Ux,0.244066,0.00791735
15.0,Ux,0.237292,0.00791877
16.0,Ux,0.248248,0.00526759
17.0,Ux,0.248651,0.0227579
18.0,Ux,0.227763,0.0176861
19.0,Ux,0.24851,0.018568
20.0,Ux,0.271285,0.0223484
21.0,Ux,0.236246,0.0192853
22.0,Ux,0.175229,0.0135614
23.0,Ux,0.180336,0.0131788
24.0,Ux,0.218653,0.015592
25.0,Ux,0.244205,0.0160938
26.0,Ux,0.234192,0.0135789
27.0,Ux,0.197683,0.00960193
28.0,Ux,0.196024,0.0081819
29.0,Ux,0.222952,0.00895338
30.0,Ux,0.214211,0.0088849
31.0,Ux,0.209223,0.00747082
32.0,Ux,0.210929,0.00591848
33.0,Ux,0.212412,0.00530374
34.0,Ux,0.172656,0.00458666
35.0,Ux,0.149594,0.00413151
36.0,Ux,0.143769,0.00346022
37.0,Ux,0.132415,0.00307655
38.0,Ux,0.107855,0.00308552
39.0,Ux,0.0982296,0.00282676
40.0,Ux,0.112418,0.00225964
41.0,Ux,0.131707,0.00259764
42.0,Ux,0.104015,0.00238159
43.0,Ux,0.0821335,0.00212549
44.0,Ux,0.0652974,0.00168198
45.0,Ux,0.0546449,0.0012187
46.0,Ux,0.0444528,0.000798292
47.0,Ux,0.0387316,0.000753782
48.0,Ux,0.0354502,0.000886295
49.0,Ux,0.034197,0.000845938
50.0,Ux,0.0337673,0.000764662
51.0,Ux,0.0295055,0.000627538
52.0,Ux,0.0260903,0.000557436
53.0,Ux,0.0200768,0.000431331
54.0,Ux,0.016241,0.000376653
55.0,Ux,0.0156155,0.000359824
56.0,Ux,0.0139594,0.000321884
57.0,Ux,0.0123504,0.000300589
58.0,Ux,0.0107585,0.000277055
59.0,Ux,0.01166,0.000290674
60.0,Ux,0.0116505,0.00027933
61.0,Ux,0.00964939,0.000242334
62.0,Ux,0.00849005,0.000178479
63.0,Ux,0.00831396,0.000159019
64.0,Ux,0.00615291,0.000138445
65.0,Ux,0.00485829,0.00012754
66.0,Ux,0.0051109,0.000115095
67.0,Ux,0.00506861,0.000101321
68.0,Ux,0.00362756,8.01028e-05
69.0,Ux,0.0027938,6.42761e-05
70.0,Ux,0.00277691,5.45549e-05
71.0,Ux,0.00267764,5.18126e-05
72.0,Ux,0.00193568,4.29787e-05
73.0,Ux,0.00142123,3.39379e-05
74.0,Ux,0.00131255,3.37065e-05
75.0,Ux,0.00147095,3.39923e-05
76.0,Ux,0.00112272,2.58742e-05
77.0,Ux,0.000823008,1.62503e-05
78.0,Ux,0.000770501,1.49234e-05
79.0,Ux,0.000683228,1.62784e-05
80.0,Ux,0.000527551,1.45263e-05
81.0,Ux,0.000431264,9.662e-06
82.0,Ux,0.000415049,7.50507e-06
83.0,Ux,0.000374591,7.11138e-06
84.0,Ux,0.000284458,6.04695e-06
85.0,Ux,0.000225518,4.60131e-06
86.0,Ux,0.000225417,4.24501e-06
87.0,Ux,0.000186249,3.74252e-06
88.0,Ux,0.000135911,2.91882e-06
89.0,Ux,0.000106914,2.15135e-06
90.0,Ux,0.000109437,1.85488e-06
91.0,Ux,8.79471e-05,1.56839e-06
92.0,Ux,6.21318e-05,1.26517e-06
93.0,Ux,4.59651e-05,9.87653e-07
94.0,Ux,4.48831e-05,9.4111e-07
95.0,Ux,3.90464e-05,8.00415e-07
96.0,Ux,3.1753e-05,5.85243e-07
97.0,Ux,2.48473e-05,4.66093e-07
98.0,Ux,2.08905e-05,4.19357e-07
99.0,Ux,2.48953e-05,5.65336e-07
100.0,Ux,2.4442e-05,5.32629e-07
101.0,Ux,1.82194e-05,3.55032e-07
102.0,Ux,1.65435e-05,2.945e-07
103.0,Ux,1.31275e-05,2.68106e-07
104.0,Ux,1.23174e-05,2.66255e-07
105.0,Ux,1.20612e-05,2.52793e-07
106.0,Ux,1.17568e-05,2.053e-07
107.0,Ux,1.24272e-05,2.07478e-07
1.0,Uy,1.0,0.0603601
2.0,Uy,0.230101,0.0180277
3.0,Uy,0.321079,0.0227365
4.0,Uy,0.162991,0.0146889
5.0,Uy,0.121568,0.011307
6.0,Uy,0.163584,0.00423424
7.0,Uy,0.364873,0.0206757
8.0,Uy,0.184145,0.0113405
9.0,Uy,0.227316,0.0139595
10.0,Uy,0.410653,0.0220553
11.0,Uy,0.232667,0.00861798
12.0,Uy,0.164695,0.00739876
13.0,Uy,0.141622,0.00653128
14.0,Uy,0.14321,0.00490053
15.0,Uy,0.161867,0.00527614
16.0,Uy,0.215663,0.00777317
17.0,Uy,0.280382,0.00955775
18.0,Uy,0.2884,0.00769782
19.0,Uy,0.286977,0.00486212
20.0,Uy,0.295868,0.00555126
21.0,Uy,0.263266,0.00601563
22.0,Uy,0.221469,0.00380466
23.0,Uy,0.197074,0.00333112
24.0,Uy,0.199237,0.0191183
25.0,Uy,0.19393,0.0178281
26.0,Uy,0.185345,0.0176112
27.0,Uy,0.207544,0.0193904
28.0,Uy,0.261975,0.0201984
29.0,Uy,0.259413,0.014524
30.0,Uy,0.242101,0.0157078
31.0,Uy,0.248389,0.0150388
32.0,Uy,0.218226,0.0111589
33.0,Uy,0.186897,0.00873553
34.0,Uy,0.164789,0.00693774
35.0,Uy,0.165439,0.00700858
36.0,Uy,0.157313,0.00620854
37.0,Uy,0.147189,0.00602675
38.0,Uy,0.143463,0.00610686
39.0,Uy,0.157507,0.00651249
40.0,Uy,0.193643,0.00741952
41.0,Uy,0.213663,0.00774766
42.0,Uy,0.182007,0.00576955
43.0,Uy,0.139614,0.00384015
44.0,Uy,0.116212,0.00351714
45.0,Uy,0.107672,0.00382304
46.0,Uy,0.100753,0.00367311
47.0,Uy,0.0938411,0.00348242
48.0,Uy,0.0827147,0.00287486
49.0,Uy,0.0742962,0.00220414
50.0,Uy,0.0729924,0.00233597
51.0,Uy,0.0689117,0.002574
52.0,Uy,0.0650587,0.00246124
53.0,Uy,0.0552868,0.00185019
54.0,Uy,0.0467417,0.00130594
55.0,Uy,0.041254,0.00120306
56.0,Uy,0.0381639,0.00123543
57.0,Uy,0.036342,0.00132423
58.0,Uy,0.0317922,0.00111832
59.0,Uy,0.0279759,0.000922298
60.0,Uy,0.0264068,0.000803333
61.0,Uy,0.0248949,0.000763717
62.0,Uy,0.0224152,0.000777577
63.0,Uy,0.0179241,0.000717073
64.0,Uy,0.014657,0.000560498
65.0,Uy,0.0143623,0.000537744
66.0,Uy,0.0139684,0.000514871
67.0,Uy,0.012003,0.000410843
68.0,Uy,0.00918994,0.000338953
69.0,Uy,0.00736727,0.000286902
70.0,Uy,0.00703114,0.000286529
71.0,Uy,0.006701,0.000251239
72.0,Uy,0.00592193,0.000208032
73.0,Uy,0.00481225,0.000167497
74.0,Uy,0.00399638,0.000169623
75.0,Uy,0.00345631,0.000154613
76.0,Uy,0.00301691,0.000106922
77.0,Uy,0.00264422,7.59009e-05
78.0,Uy,0.00236787,7.38533e-05
79.0,Uy,0.00199408,6.80251e-05
80.0,Uy,0.00164444,6.01731e-05
81.0,Uy,0.00133548,5.21358e-05
82.0,Uy,0.00112589,4.09587e-05
83.0,Uy,0.000984962,3.1757e-05
84.0,Uy,0.000901903,2.9687e-05
85.0,Uy,0.000843809,3.2864e-05
86.0,Uy,0.000731277,3.06117e-05
87.0,Uy,0.000550227,2.22125e-05
88.0,Uy,0.000396299,1.33504e-05
89.0,Uy,0.000368886,1.16286e-05
90.0,Uy,0.000370396,1.3017e-05
91.0,Uy,0.000329684,1.22911e-05
92.0,Uy,0.000248389,9.1025e-06
93.0,Uy,0.000166115,5.43882e-06
94.0,Uy,0.00014984,4.31423e-06
95.0,Uy,0.000149224,4.42034e-06
96.0,Uy,0.000136884,4.44504e-06
97.0,Uy,0.000109605,3.43293e-06
98.0,Uy,8.27634e-05,2.35793e-06
99.0,Uy,6.99773e-05,2.13498e-06
100.0,Uy,7.07269e-05,1.93213e-06
101.0,Uy,6.69302e-05,1.8228e-06
102.0,Uy,6.12861e-05,1.8106e-06
103.0,Uy,5.08539e-05,1.38478e-06
104.0,Uy,4.40632e-05,1.21143e-06
105.0,Uy,3.95738e-05,1.09531e-06
106.0,Uy,3.63484e-05,1.13623e-06
107.0,Uy,3.38778e-05,1.06e-06
1.0,Uz,1.0,0.0532902
2.0,Uz,0.262169,0.0209184
3.0,Uz,0.329227,0.0234421
4.0,Uz,0.165698,0.0136289
5.0,Uz,0.131248,0.0130155
6.0,Uz,0.171294,0.00439801
7.0,Uz,0.356198,0.020465
8.0,Uz,0.16483,0.0102566
9.0,Uz,0.166317,0.0105527
10.0,Uz,0.280718,0.0161229
11.0,Uz,0.368096,0.0141516
12.0,Uz,0.260193,0.0162008
13.0,Uz,0.220661,0.0137692
14.0,Uz,0.197161,0.00820813
15.0,Uz,0.187654,0.00725836
16.0,Uz,0.186745,0.00558314
17.0,Uz,0.19305,0.00584704
18.0,Uz,0.204353,0.00538369
19.0,Uz,0.219451,0.00467674
20.0,Uz,0.235718,0.00497576
21.0,Uz,0.219889,0.00435445
22.0,Uz,0.22255,0.00395556
23.0,Uz,0.241856,0.00379658
24.0,Uz,0.227718,0.00418174
25.0,Uz,0.18162,0.0181505
26.0,Uz,0.161195,0.0144197
27.0,Uz,0.17712,0.0137191
28.0,Uz,0.220934,0.0144992
29.0,Uz,0.251711,0.015944
30.0,Uz,0.240046,0.0139938
31.0,Uz,0.220666,0.0122241
32.0,Uz,0.201513,0.00911086
33.0,Uz,0.202917,0.00886764
34.0,Uz,0.204602,0.0100448
35.0,Uz,0.201467,0.00992851
36.0,Uz,0.191445,0.00809743
37.0,Uz,0.184278,0.00608042
38.0,Uz,0.186758,0.00535401
39.0,Uz,0.203528,0.00621231
40.0,Uz,0.206647,0.00668525
41.0,Uz,0.171735,0.00551528
42.0,Uz,0.136957,0.00376789
43.0,Uz,0.116996,0.00241524
44.0,Uz,0.114448,0.00249281
45.0,Uz,0.116644,0.00267684
46.0,Uz,0.106502,0.00263139
47.0,Uz,0.0907457,0.00244883
48.0,Uz,0.0812123,0.00180104
49.0,Uz,0.0743697,0.00145566
50.0,Uz,0.0662176,0.00150712
51.0,Uz,0.0556702,0.00135788
52.0,Uz,0.0459585,0.00108696
53.0,Uz,0.0356223,0.000821344
54.0,Uz,0.0310759,0.000668608
55.0,Uz,0.0292485,0.000678562
56.0,Uz,0.0262786,0.00068548
57.0,Uz,0.0239805,0.000654899
58.0,Uz,0.020356,0.000580647
59.0,Uz,0.0174991,0.000545596
60.0,Uz,0.0151005,0.000443857
61.0,Uz,0.0131558,0.000375627
62.0,Uz,0.0116161,0.00034141
63.0,Uz,0.010285,0.000316185
64.0,Uz,0.00906157,0.000282227
65.0,Uz,0.00837098,0.000295572
66.0,Uz,0.00773871,0.000287163
67.0,Uz,0.00688309,0.00022139
68.0,Uz,0.00543942,0.000181293
69.0,Uz,0.00466269,0.000154646
70.0,Uz,0.00432828,0.000145962
71.0,Uz,0.00405583,0.000132769
72.0,Uz,0.00359529,0.000106942
73.0,Uz,0.00290674,8.26815e-05
74.0,Uz,0.00246222,7.88616e-05
75.0,Uz,0.00216983,7.83015e-05
76.0,Uz,0.00188004,6.52135e-05
77.0,Uz,0.00167306,5.14061e-05
78.0,Uz,0.00151481,3.96405e-05
79.0,Uz,0.00129894,3.18543e-05
80.0,Uz,0.00108274,2.31825e-05
81.0,Uz,0.000874751,2.03351e-05
82.0,Uz,0.000739868,1.9597e-05
83.0,Uz,0.000660816,1.71318e-05
84.0,Uz,0.000586905,1.27445e-05
85.0,Uz,0.000507076,1.04053e-05
86.0,Uz,0.000442031,9.44738e-06
87.0,Uz,0.000374162,8.0952e-06
88.0,Uz,0.000296606,6.76715e-06
89.0,Uz,0.000236242,5.97652e-06
90.0,Uz,0.000212391,4.69899e-06
91.0,Uz,0.000191586,3.82654e-06
92.0,Uz,0.000166543,3.08162e-06
93.0,Uz,0.00013009,2.5021e-06
94.0,Uz,9.51883e-05,2.24134e-06
95.0,Uz,8.47694e-05,1.88262e-06
96.0,Uz,7.91373e-05,1.69763e-06
97.0,Uz,6.67317e-05,1.30843e-06
98.0,Uz,5.43616e-05,9.66571e-07
99.0,Uz,4.71552e-05,9.79258e-07
100.0,Uz,4.15404e-05,9.63249e-07
101.0,Uz,3.70355e-05,8.63539e-07
102.0,Uz,3.3954e-05,7.40007e-07
103.0,Uz,2.88979e-05,5.58202e-07
104.0,Uz,2.576e-05,4.4522e-07
105.0,Uz,2.26477e-05,4.10738e-07
106.0,Uz,2.00431e-05,4.81812e-07
107.0,Uz,1.8508e-05,4.55092e-07
1.0,p,1.0,0.0949963
2.0,p,0.99976,0.0740408
3.0,p,0.023629,0.000879976
4.0,p,0.0643034,0.00360015
5.0,p,0.668676,0.0303052
6.0,p,0.079062,0.0058681
7.0,p,0.220393,0.0189628
8.0,p,0.46764,0.0235363
9.0,p,0.718738,0.036846
10.0,p,0.322861,0.0169333
11.0,p,0.15707,0.01044
12.0,p,0.13575,0.00922746
13.0,p,0.178237,0.0116029
14.0,p,0.218437,0.0134757
15.0,p,0.320522,0.0133775
16.0,p,0.557366,0.0171344
17.0,p,0.542815,0.0258197
18.0,p,0.53882,0.0290433
19.0,p,0.657468,0.0240577
20.0,p,0.502774,0.00887907
21.0,p,0.380366,0.0129397
22.0,p,0.351644,0.00923365
23.0,p,0.34322,0.00982536
24.0,p,0.544375,0.0133173
25.0,p,0.463961,0.0083374
26.0,p,0.383788,0.00918411
27.0,p,0.429595,0.0115963
28.0,p,0.567421,0.0135308
29.0,p,0.354969,0.00555957
30.0,p,0.313605,0.00714141
31.0,p,0.378411,0.0103022
32.0,p,0.589766,0.01522
33.0,p,0.373933,0.00752876
34.0,p,0.341717,0.00660137
35.0,p,0.414188,0.00886231
36.0,p,0.50335,0.0125842
37.0,p,0.34432,0.00913052
38.0,p,0.303537,0.00658012
39.0,p,0.324174,0.00658506
40.0,p,0.462738,0.0123179
41.0,p,0.467181,0.0121947
42.0,p,0.385187,0.0105307
43.0,p,0.363285,0.00750016
44.0,p,0.451101,0.00930155
45.0,p,0.35915,0.0100772
46.0,p,0.302079,0.00891445
47.0,p,0.273937,0.00663629
48.0,p,0.25664,0.00419506
49.0,p,0.278853,0.010512
50.0,p,0.276273,0.00987278
51.0,p,0.254753,0.00577177
52.0,p,0.219411,0.0200418
53.0,p,0.199974,0.00338079
54.0,p,0.154167,0.00492349
55.0,p,0.130473,0.00470507
56.0,p,0.114459,0.0029254
57.0,p,0.108755,0.0103401
58.0,p,0.106184,0.00244119
59.0,p,0.102578,0.00411768
60.0,p,0.0902124,0.00306505
61.0,p,0.0736132,0.00183405
62.0,p,0.0595981,0.00130653
63.0,p,0.0520485,0.00171458
64.0,p,0.0444215,0.0016129
65.0,p,0.0380061,0.00101516
66.0,p,0.0358875,0.000759633
67.0,p,0.0341579,0.000976577
68.0,p,0.0292033,0.00104439
69.0,p,0.0243927,0.000659512
70.0,p,0.0205293,0.000351153
71.0,p,0.0179376,0.0003183
72.0,p,0.0159848,0.00156551
73.0,p,0.0144921,0.000262074
74.0,p,0.0122093,0.000156397
75.0,p,0.0105985,0.000180417
76.0,p,0.00904696,0.000224112
77.0,p,0.00723419,0.000177762
78.0,p,0.00601297,9.43513e-05
79.0,p,0.00536061,9.7957e-05
80.0,p,0.00459798,0.00011679
81.0,p,0.00396154,0.000112238
82.0,p,0.0033264,4.87428e-05
83.0,p,0.00271614,5.08311e-05
84.0,p,0.00217672,5.26723e-05
85.0,p,0.00187628,5.12092e-05
86.0,p,0.00165951,2.63602e-05
87.0,p,0.00142737,2.20591e-05
88.0,p,0.00117315,2.359e-05
89.0,p,0.000944066,1.99254e-05
90.0,p,0.000761816,1.95935e-05
91.0,p,0.000673104,1.31603e-05
92.0,p,0.000596056,8.7044e-06
93.0,p,0.000521823,6.92977e-06
94.0,p,0.000430491,1.09762e-05
95.0,p,0.000351476,7.53046e-06
96.0,p,0.000316273,3.09498e-05
97.0,p,0.000300274,2.87207e-05
98.0,p,0.000276357,4.15531e-06
99.0,p,0.000230572,3.56584e-06
100.0,p,0.000199973,4.52829e-06
101.0,p,0.000178327,3.44971e-06
102.0,p,0.000160977,1.55345e-05
103.0,p,0.000153109,2.69388e-06
104.0,p,0.000132019,1.31164e-05
105.0,p,0.000122849,3.35785e-06
106.0,p,0.000106975,1.94086e-06
107.0,p,9.36012e-05,1.52883e-06
