X,Y,Z,p,U_0,U_1,U_2
0.256272,0.270804,0.00564227,0.0,0.4,0.0,0.0
0.25783,0.270796,0.00558578,0.0,0.4,0.0,0.0
0.257787,0.268847,0.0047235,0.0,0.4,0.0,0.0
0.256286,0.26884,0.00478514,0.0,0.4,0.0,0.0
0.25675,0.271865,0.00576721,0.0,0.4,0.0,0.0
0.257832,0.271983,0.005528,0.0,0.4,0.0,0.0
0.263684,0.256827,0.00597383,0.0,0.4,0.0,0.0
0.263133,0.257485,0.0055363,0.0,0.4,0.0,0.0
0.26285,0.258896,0.00583763,0.0,0.4,0.0,0.0
0.263019,0.259432,0.00637866,0.0,0.4,0.0,0.0
0.263733,0.258853,0.00666364,0.0,0.4,0.0,0.0
0.264224,0.256998,0.00661677,0.0,0.4,0.0,0.0
0.264894,0.257006,0.0073381,0.0,0.4,0.0,0.0
0.264374,0.254944,0.0080484,0.0,0.4,0.0,0.0
0.26471,0.255412,0.00672651,0.0,0.4,0.0,0.0
0.262816,0.256938,0.00513769,0.0,0.4,0.0,0.0
0.262226,0.258831,0.00512473,0.0,0.4,0.0,0.0
0.260851,0.274223,0.00657408,0.0,0.4,0.0,0.0
0.260875,0.27239,0.00625605,0.0,0.4,0.0,0.0
0.259332,0.272898,0.00615299,0.0,0.4,0.0,0.0
0.259374,0.274387,0.00655843,0.0,0.4,0.0,0.0
0.260369,0.271652,0.00569102,0.0,0.4,0.0,0.0
0.259303,0.271924,0.00553042,0.0,0.4,0.0,0.0
0.259252,0.270711,0.0056306,0.0,0.4,0.0,0.0
0.260452,0.270308,0.00578121,0.0,0.4,0.0,0.0
0.265478,0.257598,0.00780114,0.0,0.4,0.0,0.0
0.264195,0.256472,0.00869008,0.0,0.4,0.0,0.0
0.265241,0.257777,0.00754598,0.0,0.4,0.0,0.0
0.263566,0.255725,0.00847646,0.0,0.4,0.0,0.0
0.262451,0.254419,0.00859603,0.0,0.4,0.0,0.0
0.262411,0.255558,0.0084996,0.0,0.4,0.0,0.0
0.260856,0.260775,0.00440149,0.0,0.4,0.0,0.0
0.261248,0.260837,0.00514555,0.0,0.4,0.0,0.0
0.261694,0.259519,0.00476314,0.0,0.4,0.0,0.0
0.261655,0.259431,0.0041139,0.0,0.4,0.0,0.0
0.261443,0.261317,0.00566245,0.0,0.4,0.0,0.0
0.26218,0.260723,0.00592207,0.0,0.4,0.0,0.0
0.262486,0.253059,0.00750284,0.0,0.4,0.0,0.0
0.263907,0.253011,0.00749125,0.0,0.4,0.0,0.0
0.265019,0.25293,0.00744698,0.0,0.4,0.0,0.0
0.265491,0.252901,0.00679095,0.0,0.4,0.0,0.0
0.263394,0.244301,0.00508383,0.0,0.4,0.0,0.0
0.263119,0.24475,0.00459356,0.0,0.4,0.0,0.0
0.264657,0.245242,0.00417235,0.0,0.4,0.0,0.0
0.263991,0.245112,0.00545661,0.0,0.4,0.0,0.0
0.265369,0.247238,0.00647672,0.0,0.4,0.0,0.0
0.2658,0.249179,0.0060529,0.0,0.4,0.0,0.0
0.265497,0.249143,0.0075193,0.0,0.4,0.0,0.0
0.264882,0.247446,0.00659093,0.0,0.4,0.0,0.0
0.264531,0.255013,0.00582458,0.0,0.4,0.0,0.0
0.263847,0.254929,0.00509552,0.0,0.4,0.0,0.0
0.264484,0.253511,0.00579634,0.0,0.4,0.0,0.0
0.264248,0.252948,0.0052812,0.0,0.4,0.0,0.0
0.263177,0.255543,0.00478779,0.0,0.4,0.0,0.0
0.255919,0.260418,0.00836167,0.0,0.4,0.0,0.0
0.256266,0.260817,0.00912956,0.0,0.4,0.0,0.0
0.255531,0.261989,0.00961638,0.0,0.4,0.0,0.0
0.254861,0.262689,0.00922065,0.0,0.4,0.0,0.0
0.254431,0.262759,0.00835927,0.0,0.4,0.0,0.0
0.254224,0.256881,0.00652987,0.0,0.4,0.0,0.0
0.254652,0.255126,0.00591015,0.0,0.4,0.0,0.0
0.255294,0.25509,0.00653363,0.0,0.4,0.0,0.0
0.255364,0.257093,0.00655887,0.0,0.4,0.0,0.0
0.256434,0.255104,0.00649749,0.0,0.4,0.0,0.0
0.256092,0.256589,0.00673043,0.0,0.4,0.0,0.0
0.25438,0.270931,0.00816914,0.0,0.4,0.0,0.0
0.254097,0.271136,0.00860687,0.0,0.4,0.0,0.0
0.254208,0.272582,0.00876863,0.0,0.4,0.0,0.0
0.254683,0.27248,0.00809907,0.0,0.4,0.0,0.0
0.255048,0.253132,0.00616978,0.0,0.4,0.0,0.0
0.254281,0.254483,0.00557205,0.0,0.4,0.0,0.0
0.254377,0.252994,0.0055684,0.0,0.4,0.0,0.0
0.254841,0.268369,0.00514773,0.0,0.4,0.0,0.0
0.254493,0.268832,0.00590288,0.0,0.4,0.0,0.0
0.255401,0.253869,0.00660067,0.0,0.4,0.0,0.0
0.25593,0.252628,0.0063168,0.0,0.4,0.0,0.0
0.256394,0.253176,0.00656663,0.0,0.4,0.0,0.0
0.262563,0.247445,0.00661514,0.0,0.4,0.0,0.0
0.262539,0.249246,0.00687737,0.0,0.4,0.0,0.0
0.260973,0.249268,0.00661664,0.0,0.4,0.0,0.0
0.260818,0.247168,0.00644977,0.0,0.4,0.0,0.0
0.262154,0.246839,0.00622168,0.0,0.4,0.0,0.0
0.257541,0.254597,0.00673735,0.0,0.4,0.0,0.0
0.257922,0.253181,0.00650421,0.0,0.4,0.0,0.0
0.254592,0.264384,0.0089682,0.0,0.4,0.0,0.0
0.254238,0.264113,0.00857031,0.0,0.4,0.0,0.0
0.268396,0.269771,0.00861647,0.0,0.4,0.0,0.0
0.268849,0.270504,0.00930604,0.0,0.4,0.0,0.0
0.269066,0.268581,0.0094376,0.0,0.4,0.0,0.0
0.268466,0.268474,0.00871534,0.0,0.4,0.0,0.0
0.267391,0.270518,0.00858697,0.0,0.4,0.0,0.0
0.267868,0.271078,0.00908224,0.0,0.4,0.0,0.0
0.256332,0.272374,0.00656758,0.0,0.4,0.0,0.0
0.257821,0.272876,0.00614233,0.0,0.4,0.0,0.0
0.262474,0.278483,0.00785521,0.0,0.4,0.0,0.0
0.260962,0.278485,0.0080671,0.0,0.4,0.0,0.0
0.260493,0.278802,0.00857289,0.0,0.4,0.0,0.0
0.26101,0.279644,0.0088943,0.0,0.4,0.0,0.0
0.262483,0.280015,0.00873318,0.0,0.4,0.0,0.0
0.262486,0.280782,0.00908732,0.0,0.4,0.0,0.0
0.260977,0.280425,0.00966169,0.0,0.4,0.0,0.0
0.263931,0.278031,0.00810064,0.0,0.4,0.0,0.0
0.264021,0.279692,0.0085943,0.0,0.4,0.0,0.0
0.264405,0.27858,0.00864229,0.0,0.4,0.0,0.0
0.264095,0.280704,0.0090448,0.0,0.4,0.0,0.0
0.263002,0.245981,0.00617556,0.0,0.4,0.0,0.0
0.26321,0.246371,0.00653903,0.0,0.4,0.0,0.0
0.263995,0.245768,0.00610168,0.0,0.4,0.0,0.0
0.263993,0.246281,0.00657367,0.0,0.4,0.0,0.0
0.263932,0.247444,0.00651843,0.0,0.4,0.0,0.0
0.262945,0.255057,0.00423563,0.0,0.4,0.0,0.0
0.26276,0.256927,0.00419505,0.0,0.4,0.0,0.0
0.262068,0.258242,0.00435548,0.0,0.4,0.0,0.0
0.259242,0.268383,0.00489084,0.0,0.4,0.0,0.0
0.260706,0.26851,0.00592629,0.0,0.4,0.0,0.0
0.259493,0.25126,0.00661655,0.0,0.4,0.0,0.0
0.260922,0.250784,0.00687183,0.0,0.4,0.0,0.0
0.260938,0.251754,0.00755931,0.0,0.4,0.0,0.0
0.260957,0.253141,0.007558,0.0,0.4,0.0,0.0
0.259404,0.253186,0.0075647,0.0,0.4,0.0,0.0
0.259055,0.252678,0.00681257,0.0,0.4,0.0,0.0
0.260933,0.254637,0.00784568,0.0,0.4,0.0,0.0
0.262494,0.251245,0.00755736,0.0,0.4,0.0,0.0
0.261979,0.250497,0.00743065,0.0,0.4,0.0,0.0
0.259449,0.255077,0.00758241,0.0,0.4,0.0,0.0
0.262841,0.270495,0.0071814,0.0,0.4,0.0,0.0
0.262877,0.268551,0.00722669,0.0,0.4,0.0,0.0
0.262205,0.268568,0.00658148,0.0,0.4,0.0,0.0
0.262157,0.27052,0.0065685,0.0,0.4,0.0,0.0
0.262891,0.266627,0.00724379,0.0,0.4,0.0,0.0
0.262225,0.266638,0.00658628,0.0,0.4,0.0,0.0
0.262437,0.245372,0.00556805,0.0,0.4,0.0,0.0
0.263947,0.248857,0.00717763,0.0,0.4,0.0,0.0
0.254377,0.262321,0.00772842,0.0,0.4,0.0,0.0
0.254684,0.2608,0.00758542,0.0,0.4,0.0,0.0
0.255631,0.260157,0.00794293,0.0,0.4,0.0,0.0
0.254489,0.258913,0.00679481,0.0,0.4,0.0,0.0
0.254154,0.258349,0.00643936,0.0,0.4,0.0,0.0
0.255875,0.258817,0.00785438,0.0,0.4,0.0,0.0
0.255049,0.258875,0.00748135,0.0,0.4,0.0,0.0
0.256417,0.257115,0.00751721,0.0,0.4,0.0,0.0
0.265894,0.260874,0.00819321,0.0,0.4,0.0,0.0
0.265986,0.262786,0.00791152,0.0,0.4,0.0,0.0
0.267344,0.262733,0.00877506,0.0,0.4,0.0,0.0
0.266949,0.260926,0.00883013,0.0,0.4,0.0,0.0
0.266242,0.260319,0.00859957,0.0,0.4,0.0,0.0
0.265172,0.259086,0.0075849,0.0,0.4,0.0,0.0
0.265749,0.258996,0.00806913,0.0,0.4,0.0,0.0
0.255114,0.270517,0.00667329,0.0,0.4,0.0,0.0
0.254518,0.270495,0.00744732,0.0,0.4,0.0,0.0
0.25527,0.272272,0.00752868,0.0,0.4,0.0,0.0
0.256018,0.272822,0.00729595,0.0,0.4,0.0,0.0
0.255726,0.271162,0.00611743,0.0,0.4,0.0,0.0
0.264515,0.270578,0.0077989,0.0,0.4,0.0,0.0
0.264469,0.272457,0.00776789,0.0,0.4,0.0,0.0
0.265986,0.272442,0.0086352,0.0,0.4,0.0,0.0
0.266083,0.270567,0.00860905,0.0,0.4,0.0,0.0
0.265239,0.270556,0.0084401,0.0,0.4,0.0,0.0
0.265932,0.274378,0.0086394,0.0,0.4,0.0,0.0
0.264446,0.274384,0.00775383,0.0,0.4,0.0,0.0
0.265145,0.274374,0.00842212,0.0,0.4,0.0,0.0
0.265081,0.276207,0.00841345,0.0,0.4,0.0,0.0
0.264373,0.276253,0.00774062,0.0,0.4,0.0,0.0
0.264965,0.277439,0.0084017,0.0,0.4,0.0,0.0
0.265621,0.27815,0.00862585,0.0,0.4,0.0,0.0
0.257587,0.245056,0.00464372,0.0,0.4,0.0,0.0
0.256475,0.2456,0.00454551,0.0,0.4,0.0,0.0
0.256722,0.245979,0.00354007,0.0,0.4,0.0,0.0
0.257827,0.24586,0.00350487,0.0,0.4,0.0,0.0
0.26098,0.243999,0.00554777,0.0,0.4,0.0,0.0
0.260905,0.24531,0.00554639,0.0,0.4,0.0,0.0
0.259315,0.245262,0.00552142,0.0,0.4,0.0,0.0
0.259952,0.244248,0.00524232,0.0,0.4,0.0,0.0
0.25965,0.243873,0.00456955,0.0,0.4,0.0,0.0
0.258788,0.244543,0.00469471,0.0,0.4,0.0,0.0
0.259348,0.24541,0.00353838,0.0,0.4,0.0,0.0
0.260962,0.245524,0.003518,0.0,0.4,0.0,0.0
0.261008,0.244113,0.0035418,0.0,0.4,0.0,0.0
0.259886,0.244186,0.00352382,0.0,0.4,0.0,0.0
0.257797,0.24582,0.00544056,0.0,0.4,0.0,0.0
0.256758,0.246,0.0054141,0.0,0.4,0.0,0.0
0.254811,0.25112,0.00352531,0.0,0.4,0.0,0.0
0.254823,0.249305,0.00352379,0.0,0.4,0.0,0.0
0.253601,0.249333,0.00348926,0.0,0.4,0.0,0.0
0.253592,0.251116,0.00348022,0.0,0.4,0.0,0.0
0.252691,0.25109,0.00442917,0.0,0.4,0.0,0.0
0.25267,0.249204,0.00446486,0.0,0.4,0.0,0.0
0.253522,0.24789,0.00453932,0.0,0.4,0.0,0.0
0.253647,0.248014,0.00347253,0.0,0.4,0.0,0.0
0.254757,0.251123,0.00548585,0.0,0.4,0.0,0.0
0.25348,0.252999,0.00540842,0.0,0.4,0.0,0.0
0.253448,0.251079,0.00552751,0.0,0.4,0.0,0.0
0.255829,0.250612,0.00561349,0.0,0.4,0.0,0.0
0.256252,0.251148,0.00624483,0.0,0.4,0.0,0.0
0.25358,0.253069,0.00347496,0.0,0.4,0.0,0.0
0.254811,0.253059,0.00352406,0.0,0.4,0.0,0.0
0.253489,0.249265,0.00555214,0.0,0.4,0.0,0.0
0.254744,0.249224,0.00553859,0.0,0.4,0.0,0.0
0.259393,0.249195,0.00352929,0.0,0.4,0.0,0.0
0.257815,0.24919,0.00351082,0.0,0.4,0.0,0.0
0.257822,0.251124,0.00353611,0.0,0.4,0.0,0.0
0.259403,0.251132,0.00354291,0.0,0.4,0.0,0.0
0.259409,0.253068,0.00354281,0.0,0.4,0.0,0.0
0.260965,0.253063,0.00355292,0.0,0.4,0.0,0.0
0.260978,0.251137,0.00354529,0.0,0.4,0.0,0.0
0.262884,0.253524,0.00423797,0.0,0.4,0.0,0.0
0.262508,0.253045,0.00363035,0.0,0.4,0.0,0.0
0.262188,0.255039,0.00352094,0.0,0.4,0.0,0.0
0.260964,0.249204,0.00354539,0.0,0.4,0.0,0.0
0.257829,0.253066,0.00354322,0.0,0.4,0.0,0.0
0.25943,0.247794,0.00619964,0.0,0.4,0.0,0.0
0.258962,0.248782,0.0064897,0.0,0.4,0.0,0.0
0.257849,0.249267,0.00614394,0.0,0.4,0.0,0.0
0.25741,0.248683,0.00557761,0.0,0.4,0.0,0.0
0.257843,0.247316,0.00555279,0.0,0.4,0.0,0.0
0.259377,0.246841,0.0055793,0.0,0.4,0.0,0.0
0.253647,0.26078,0.00370561,0.0,0.4,0.0,0.0
0.254787,0.260804,0.00353073,0.0,0.4,0.0,0.0
0.254776,0.258903,0.00347685,0.0,0.4,0.0,0.0
0.253815,0.25891,0.00399156,0.0,0.4,0.0,0.0
0.253293,0.258917,0.00446687,0.0,0.4,0.0,0.0
0.253111,0.260863,0.00433048,0.0,0.4,0.0,0.0
0.253563,0.262754,0.00441318,0.0,0.4,0.0,0.0
0.253827,0.262017,0.00388323,0.0,0.4,0.0,0.0
0.254429,0.263196,0.00432427,0.0,0.4,0.0,0.0
0.25472,0.262758,0.00364896,0.0,0.4,0.0,0.0
0.254787,0.256961,0.00348161,0.0,0.4,0.0,0.0
0.253066,0.256978,0.00444654,0.0,0.4,0.0,0.0
0.259305,0.260738,0.00350551,0.0,0.4,0.0,0.0
0.259384,0.258854,0.00353151,0.0,0.4,0.0,0.0
0.25783,0.258882,0.00353079,0.0,0.4,0.0,0.0
0.257817,0.260811,0.00351841,0.0,0.4,0.0,0.0
0.260974,0.258829,0.00341669,0.0,0.4,0.0,0.0
0.260857,0.25688,0.00354225,0.0,0.4,0.0,0.0
0.259408,0.256934,0.00352737,0.0,0.4,0.0,0.0
0.262102,0.256831,0.00344344,0.0,0.4,0.0,0.0
0.261776,0.257977,0.0038947,0.0,0.4,0.0,0.0
0.257834,0.256944,0.00353781,0.0,0.4,0.0,0.0
0.260516,0.260708,0.00363412,0.0,0.4,0.0,0.0
0.259683,0.263132,0.0043327,0.0,0.4,0.0,0.0
0.259262,0.262604,0.00366943,0.0,0.4,0.0,0.0
0.254517,0.264693,0.004342,0.0,0.4,0.0,0.0
0.255102,0.264599,0.00363644,0.0,0.4,0.0,0.0
0.256271,0.26677,0.00420997,0.0,0.4,0.0,0.0
0.256258,0.265904,0.00351003,0.0,0.4,0.0,0.0
0.255268,0.265798,0.00355925,0.0,0.4,0.0,0.0
0.254807,0.266462,0.00431986,0.0,0.4,0.0,0.0
0.253735,0.26643,0.00598378,0.0,0.4,0.0,0.0
0.253709,0.267851,0.00593477,0.0,0.4,0.0,0.0
0.253884,0.267711,0.00543207,0.0,0.4,0.0,0.0
0.253729,0.266465,0.00523564,0.0,0.4,0.0,0.0
0.257696,0.266491,0.00418206,0.0,0.4,0.0,0.0
0.25722,0.265829,0.00352998,0.0,0.4,0.0,0.0
0.259694,0.264806,0.00495598,0.0,0.4,0.0,0.0
0.260747,0.264708,0.0060229,0.0,0.4,0.0,0.0
0.261198,0.262749,0.00596851,0.0,0.4,0.0,0.0
0.260524,0.26273,0.00523385,0.0,0.4,0.0,0.0
0.259767,0.263317,0.00496329,0.0,0.4,0.0,0.0
0.259482,0.249393,0.00656421,0.0,0.4,0.0,0.0
0.257907,0.251249,0.00655644,0.0,0.4,0.0,0.0
0.257389,0.250637,0.00648922,0.0,0.4,0.0,0.0
0.257915,0.255089,0.00731616,0.0,0.4,0.0,0.0
0.258404,0.253835,0.00727846,0.0,0.4,0.0,0.0
0.257904,0.259015,0.00906207,0.0,0.4,0.0,0.0
0.257318,0.260209,0.0094448,0.0,0.4,0.0,0.0
0.256547,0.258891,0.00843316,0.0,0.4,0.0,0.0
0.25746,0.258489,0.00861159,0.0,0.4,0.0,0.0
0.257841,0.256612,0.00763412,0.0,0.4,0.0,0.0
0.258824,0.256232,0.00810159,0.0,0.4,0.0,0.0
0.25986,0.255585,0.00849606,0.0,0.4,0.0,0.0
0.259335,0.256637,0.00858071,0.0,0.4,0.0,0.0
0.257874,0.257484,0.0083499,0.0,0.4,0.0,0.0
0.253737,0.266592,0.0074833,0.0,0.4,0.0,0.0
0.253753,0.264773,0.00743813,0.0,0.4,0.0,0.0
0.253744,0.264806,0.00822713,0.0,0.4,0.0,0.0
0.253755,0.266674,0.00823236,0.0,0.4,0.0,0.0
0.253806,0.262931,0.00742288,0.0,0.4,0.0,0.0
0.253727,0.263487,0.00807583,0.0,0.4,0.0,0.0
0.253763,0.266787,0.00896012,0.0,0.4,0.0,0.0
0.253733,0.265349,0.00901631,0.0,0.4,0.0,0.0
0.253867,0.269326,0.00696826,0.0,0.4,0.0,0.0
0.254171,0.269142,0.00651719,0.0,0.4,0.0,0.0
0.253707,0.267956,0.00668209,0.0,0.4,0.0,0.0
0.253753,0.266501,0.00672079,0.0,0.4,0.0,0.0
0.253735,0.268435,0.00749039,0.0,0.4,0.0,0.0
0.262923,0.263246,0.00730521,0.0,0.4,0.0,0.0
0.262482,0.26267,0.00671985,0.0,0.4,0.0,0.0
0.262284,0.264764,0.00660361,0.0,0.4,0.0,0.0
0.262904,0.264755,0.00726415,0.0,0.4,0.0,0.0
0.264103,0.268502,0.00757775,0.0,0.4,0.0,0.0
0.264622,0.269088,0.00778126,0.0,0.4,0.0,0.0
0.265645,0.268482,0.00810396,0.0,0.4,0.0,0.0
0.265831,0.266517,0.00809507,0.0,0.4,0.0,0.0
0.265132,0.266507,0.00755109,0.0,0.4,0.0,0.0
0.264049,0.266567,0.00760326,0.0,0.4,0.0,0.0
0.266158,0.269072,0.00859249,0.0,0.4,0.0,0.0
0.258864,0.275026,0.00687974,0.0,0.4,0.0,0.0
0.257816,0.274664,0.00729758,0.0,0.4,0.0,0.0
0.257825,0.27654,0.00813913,0.0,0.4,0.0,0.0
0.258879,0.276859,0.00770188,0.0,0.4,0.0,0.0
0.259442,0.276169,0.00747728,0.0,0.4,0.0,0.0
0.256461,0.274135,0.00755641,0.0,0.4,0.0,0.0
0.256027,0.274675,0.0081678,0.0,0.4,0.0,0.0
0.260885,0.275589,0.00662011,0.0,0.4,0.0,0.0
0.260955,0.276509,0.00712048,0.0,0.4,0.0,0.0
0.259321,0.278562,0.00883675,0.0,0.4,0.0,0.0
0.259392,0.277774,0.00807045,0.0,0.4,0.0,0.0
0.266148,0.278823,0.009062,0.0,0.4,0.0,0.0
0.26711,0.27817,0.00950119,0.0,0.4,0.0,0.0
0.267437,0.276256,0.00958611,0.0,0.4,0.0,0.0
0.266746,0.276227,0.00895703,0.0,0.4,0.0,0.0
0.265879,0.276239,0.008607,0.0,0.4,0.0,0.0
0.2655,0.28,0.00951512,0.0,0.4,0.0,0.0
0.265138,0.279525,0.00876343,0.0,0.4,0.0,0.0
0.263576,0.252889,0.00455521,0.0,0.4,0.0,0.0
0.26475,0.251196,0.00484779,0.0,0.4,0.0,0.0
0.26464,0.251247,0.00388751,0.0,0.4,0.0,0.0
0.263937,0.251335,0.00756011,0.0,0.4,0.0,0.0
0.265047,0.251287,0.00758075,0.0,0.4,0.0,0.0
0.265775,0.251166,0.00694847,0.0,0.4,0.0,0.0
0.265719,0.251067,0.00597882,0.0,0.4,0.0,0.0
0.265124,0.252873,0.00605408,0.0,0.4,0.0,0.0
0.265159,0.245947,0.00632513,0.0,0.4,0.0,0.0
0.264764,0.246367,0.00659349,0.0,0.4,0.0,0.0
0.265645,0.245628,0.00550603,0.0,0.4,0.0,0.0
0.26595,0.247317,0.0052487,0.0,0.4,0.0,0.0
0.265301,0.247292,0.00457974,0.0,0.4,0.0,0.0
0.265319,0.246043,0.00462161,0.0,0.4,0.0,0.0
0.264631,0.24727,0.0038684,0.0,0.4,0.0,0.0
0.263664,0.247296,0.00349637,0.0,0.4,0.0,0.0
0.263601,0.2455,0.00356168,0.0,0.4,0.0,0.0
0.263414,0.244292,0.00380474,0.0,0.4,0.0,0.0
0.263629,0.251062,0.0034744,0.0,0.4,0.0,0.0
0.263455,0.252317,0.00375921,0.0,0.4,0.0,0.0
0.264743,0.249203,0.00412512,0.0,0.4,0.0,0.0
0.264689,0.249703,0.00493059,0.0,0.4,0.0,0.0
0.265136,0.249117,0.00535594,0.0,0.4,0.0,0.0
0.263678,0.249199,0.00349362,0.0,0.4,0.0,0.0
0.263968,0.249953,0.00759544,0.0,0.4,0.0,0.0
0.264874,0.250068,0.00759546,0.0,0.4,0.0,0.0
0.261138,0.270468,0.00648523,0.0,0.4,0.0,0.0
0.261226,0.268571,0.00651372,0.0,0.4,0.0,0.0
0.262082,0.272449,0.00655367,0.0,0.4,0.0,0.0
0.262873,0.260837,0.00640393,0.0,0.4,0.0,0.0
0.261427,0.263246,0.00652864,0.0,0.4,0.0,0.0
0.263938,0.262684,0.00762488,0.0,0.4,0.0,0.0
0.264203,0.26078,0.00751228,0.0,0.4,0.0,0.0
0.262439,0.256522,0.00871945,0.0,0.4,0.0,0.0
0.264061,0.256952,0.00936828,0.0,0.4,0.0,0.0
0.2625,0.256977,0.00938895,0.0,0.4,0.0,0.0
0.257851,0.247374,0.0035155,0.0,0.4,0.0,0.0
0.256229,0.247328,0.00353118,0.0,0.4,0.0,0.0
0.260796,0.246571,0.00583091,0.0,0.4,0.0,0.0
0.262005,0.246557,0.00571397,0.0,0.4,0.0,0.0
0.26238,0.245536,0.00353667,0.0,0.4,0.0,0.0
0.260947,0.247285,0.00351357,0.0,0.4,0.0,0.0
0.262419,0.247297,0.00352377,0.0,0.4,0.0,0.0
0.256165,0.247245,0.00555725,0.0,0.4,0.0,0.0
0.254705,0.247799,0.00346203,0.0,0.4,0.0,0.0
0.25626,0.249217,0.00351446,0.0,0.4,0.0,0.0
0.256262,0.253062,0.0035234,0.0,0.4,0.0,0.0
0.2548,0.255011,0.00347465,0.0,0.4,0.0,0.0
0.256265,0.255007,0.00354349,0.0,0.4,0.0,0.0
0.256204,0.249145,0.00554961,0.0,0.4,0.0,0.0
0.254663,0.24777,0.00543395,0.0,0.4,0.0,0.0
0.260908,0.254987,0.00355056,0.0,0.4,0.0,0.0
0.262437,0.249206,0.00355215,0.0,0.4,0.0,0.0
0.257833,0.255005,0.00354421,0.0,0.4,0.0,0.0
0.256248,0.260833,0.00353465,0.0,0.4,0.0,0.0
0.256257,0.262742,0.00353212,0.0,0.4,0.0,0.0
0.256261,0.256952,0.00354684,0.0,0.4,0.0,0.0
0.257766,0.26268,0.00358261,0.0,0.4,0.0,0.0
0.256287,0.264488,0.00354648,0.0,0.4,0.0,0.0
0.25772,0.264525,0.00362186,0.0,0.4,0.0,0.0
0.260914,0.256614,0.00864777,0.0,0.4,0.0,0.0
0.260934,0.255481,0.00863517,0.0,0.4,0.0,0.0
0.260901,0.257379,0.00929141,0.0,0.4,0.0,0.0
0.261325,0.264752,0.00653518,0.0,0.4,0.0,0.0
0.267571,0.264711,0.00882331,0.0,0.4,0.0,0.0
0.265821,0.26467,0.00818878,0.0,0.4,0.0,0.0
0.257335,0.27683,0.00856855,0.0,0.4,0.0,0.0
0.255848,0.274912,0.0086976,0.0,0.4,0.0,0.0
0.25617,0.276326,0.00876792,0.0,0.4,0.0,0.0
0.257884,0.277689,0.00896639,0.0,0.4,0.0,0.0
0.255754,0.27677,0.00953124,0.0,0.4,0.0,0.0
0.257828,0.278507,0.00965955,0.0,0.4,0.0,0.0
0.254997,0.274356,0.00886485,0.0,0.4,0.0,0.0
0.25432,0.274351,0.00957414,0.0,0.4,0.0,0.0
0.267065,0.272501,0.00854276,0.0,0.4,0.0,0.0
0.267791,0.272541,0.00911014,0.0,0.4,0.0,0.0
0.262812,0.272447,0.00713694,0.0,0.4,0.0,0.0
0.262752,0.274339,0.00711577,0.0,0.4,0.0,0.0
0.262017,0.274237,0.00652608,0.0,0.4,0.0,0.0
0.26089,0.242565,0.00450573,0.0,0.4,0.0,0.0
0.262343,0.243938,0.0045181,0.0,0.4,0.0,0.0
0.26243,0.24401,0.00539145,0.0,0.4,0.0,0.0
0.253149,0.25506,0.00437175,0.0,0.4,0.0,0.0
0.252536,0.253108,0.00431097,0.0,0.4,0.0,0.0
0.253451,0.255025,0.00553469,0.0,0.4,0.0,0.0
0.252974,0.257017,0.00554687,0.0,0.4,0.0,0.0
0.252965,0.258903,0.00530414,0.0,0.4,0.0,0.0
0.259633,0.266602,0.00487523,0.0,0.4,0.0,0.0
0.260716,0.266633,0.0059936,0.0,0.4,0.0,0.0
0.261265,0.266637,0.00652757,0.0,0.4,0.0,0.0
0.253486,0.262847,0.00670577,0.0,0.4,0.0,0.0
0.253619,0.260973,0.00678596,0.0,0.4,0.0,0.0
0.254455,0.260412,0.00686151,0.0,0.4,0.0,0.0
0.253681,0.258993,0.00595476,0.0,0.4,0.0,0.0
0.252878,0.260856,0.0062017,0.0,0.4,0.0,0.0
0.25283,0.262812,0.00612662,0.0,0.4,0.0,0.0
0.265204,0.260859,0.00759253,0.0,0.4,0.0,0.0
0.265177,0.262755,0.00757679,0.0,0.4,0.0,0.0
0.266362,0.258797,0.00873108,0.0,0.4,0.0,0.0
0.266729,0.259665,0.00914712,0.0,0.4,0.0,0.0
0.264338,0.258965,0.00732038,0.0,0.4,0.0,0.0
0.26517,0.257727,0.00947885,0.0,0.4,0.0,0.0
0.253733,0.270416,0.0090025,0.0,0.4,0.0,0.0
0.253675,0.269873,0.00821011,0.0,0.4,0.0,0.0
0.253696,0.271737,0.00916755,0.0,0.4,0.0,0.0
0.262422,0.276166,0.00698917,0.0,0.4,0.0,0.0
0.261853,0.275461,0.00651952,0.0,0.4,0.0,0.0
0.255522,0.246458,0.00450863,0.0,0.4,0.0,0.0
0.254458,0.247045,0.00458153,0.0,0.4,0.0,0.0
0.253834,0.248191,0.00511121,0.0,0.4,0.0,0.0
0.259389,0.247297,0.00351566,0.0,0.4,0.0,0.0
0.262405,0.244104,0.00364381,0.0,0.4,0.0,0.0
0.256258,0.25112,0.00350973,0.0,0.4,0.0,0.0
0.262433,0.251094,0.00355294,0.0,0.4,0.0,0.0
0.259409,0.255002,0.00353382,0.0,0.4,0.0,0.0
0.256256,0.258896,0.00353794,0.0,0.4,0.0,0.0
0.25272,0.260846,0.00519663,0.0,0.4,0.0,0.0
0.252731,0.262831,0.00508223,0.0,0.4,0.0,0.0
0.253625,0.264672,0.00449146,0.0,0.4,0.0,0.0
0.252793,0.264762,0.00507115,0.0,0.4,0.0,0.0
0.254317,0.267099,0.00479556,0.0,0.4,0.0,0.0
0.253195,0.26474,0.00600979,0.0,0.4,0.0,0.0
0.258206,0.265214,0.0038815,0.0,0.4,0.0,0.0
0.259007,0.264725,0.00435416,0.0,0.4,0.0,0.0
0.260444,0.258301,0.00954189,0.0,0.4,0.0,0.0
0.259296,0.258474,0.00945983,0.0,0.4,0.0,0.0
0.253667,0.264689,0.00667148,0.0,0.4,0.0,0.0
0.253757,0.268427,0.00826892,0.0,0.4,0.0,0.0
0.253753,0.268541,0.00899689,0.0,0.4,0.0,0.0
0.265167,0.264671,0.00754207,0.0,0.4,0.0,0.0
0.267502,0.266618,0.00864902,0.0,0.4,0.0,0.0
0.264069,0.264707,0.00759993,0.0,0.4,0.0,0.0
0.267208,0.268488,0.00865464,0.0,0.4,0.0,0.0
0.26776,0.274411,0.00907282,0.0,0.4,0.0,0.0
0.266976,0.274409,0.00852442,0.0,0.4,0.0,0.0
0.267923,0.264172,0.00927952,0.0,0.4,0.0,0.0
0.267874,0.262642,0.00954853,0.0,0.4,0.0,0.0
0.268558,0.266702,0.00876447,0.0,0.4,0.0,0.0
